Rank,Ticker,name,Sector,marketCap,total_score,total_grade,financial_health_score,Current Ratio,Quick Ratio,Debt to Equity,Operating Margin,Profit Margin
1,msft,Microsoft Corp,Technology,3922855460864.0,1533,A,0.5457,1.353,1.221,32.661,0.44901,0.36146
2,amzn,Amazon.com Inc,Consumer Cyclical,2279622311936.0,1433,A,0.4632,1.024,0.768,47.808,0.11432,0.105399996
3,pg,Procter & Gamble Co,Consumer Defensive,352550092800.0,1292,A,0.5832,0.704,0.437,66.001,0.20848,0.18952999
4,rtx,Raytheon Technologies Corp,Industrials,209253957632.0,1250,A,0.3248,1.006,0.605,67.855,0.11547,0.073520005
5,pep,PepsiCo Inc,Consumer Defensive,190918213632.0,1417,A,0.4869,0.775,0.559,276.868,0.17491,0.08229
6,now,ServiceNow Inc,Technology,187829600256.0,1274,A,0.2617,1.092,0.921,22.036,0.12068,0.13776
7,amgn,Amgen Inc,Healthcare,161354809344.0,1215,A,0.5897,1.17,0.736,924.456,0.28726998,0.17386
8,bsx,Boston Scientific Corp,Healthcare,155331854336.0,1224,A,0.5665,1.372,0.645,53.092,0.18632999,0.1355
9,nee,Nextera Energy Inc,Utilities,146580258816.0,1287,A,0.5097,0.542,0.333,152.939,0.33851,0.22850001
10,dhr,Danaher Corp,Healthcare,142522974208.0,1259,A,0.5908,1.619,1.1,35.45,0.20115,0.14213
11,de,Deere & Co,Industrials,137737191424.0,1204,A,0.5221,2.14,1.919,275.281,0.18554,0.12454
12,aph,Amphenol Corp,Technology,131773906944.0,1290,A,0.4093,2.016,1.338,69.505,0.25621998,0.16896999
13,cop,Conocophillips,Energy,117656608768.0,1536,A,0.522,1.268,1.023,36.457,0.26678,0.16149999
14,pld,Prologis Inc,Real Estate,99339862016.0,1268,A,0.4915,0.624,0.487,61.593,0.42019,0.38685
15,duk,Duke Energy Corp,Utilities,96425377792.0,1294,A,0.4498,0.768,0.303,168.902,0.28331,0.15617
16,tt,Trane Technologies PLC,Industrials,95405539328.0,1409,A,0.4822,1.104,0.713,58.751,0.20187001,0.13764
17,wm,Waste Management Inc,Industrials,92562284544.0,1306,A,0.4306,0.857,0.752,261.03,0.1846,0.11361
18,abnb,Airbnb Inc,Consumer Cyclical,80213008384.0,1475,A,0.4196,1.273,0.697,28.726,0.01673,0.22596
19,emr,Emerson Electric Co,Industrials,79070625792.0,1243,A,0.4618,0.795,0.547,77.857,0.19765,0.13603
20,ecl,Ecolab Inc,Basic Materials,75550547968.0,1245,A,0.4757,1.442,1.015,103.915,0.14715,0.13585
21,nem,Newmont Corporation,Basic Materials,73859776512.0,1419,A,0.6814,2.227,1.561,23.561,0.45458,0.30495
22,apd,Air Products and Chemicals Inc,Basic Materials,65092595712.0,1442,A,0.5151,1.292,1.025,103.39,0.24295999,0.12859
23,pwr,Quanta Services Inc,Industrials,57981214720.0,1232,A,0.2434,1.368,1.212,64.907,0.05404,0.0373
24,rop,Roper Technologies Inc,Technology,57888796672.0,1260,A,0.3638,0.464,0.365,45.121,0.28211,0.20616
25,fcx,Freeport-McMoRan Inc,Basic Materials,56041996288.0,1226,A,0.5404,2.465,1.068,30.841,0.32076,0.07452
26,sre,Sempra Energy,Utilities,53719244800.0,1396,A,0.4818,0.57,0.441,99.694,0.25829,0.22222
27,pcar,Paccar Inc,Industrials,51565113344.0,1216,A,0.5268,5.444,4.813,84.861,0.11505,0.098809995
28,mpc,Marathon Petroleum Corp,Energy,51351678976.0,1381,A,0.1989,1.194,0.701,139.332,0.01429,0.01764
29,bdx,Becton Dickinson and Co,Healthcare,50697912320.0,1306,A,0.4532,1.127,0.483,76.344,0.16009001,0.07179
30,psx,Phillips 66,Energy,49331417088.0,1242,A,0.206,1.071,0.629,73.13,0.0442,0.012920001
31,ctva,Corteva Inc,Basic Materials,49327710208.0,1242,A,0.4294,1.445,0.9,16.647,0.18586999,0.067719996
32,oke,ONEOK Inc,Energy,47671996416.0,1262,A,0.3717,0.666,0.452,144.846,0.15691,0.121470004
33,tgt,Target Corp,Consumer Defensive,46540709888.0,1205,A,0.2988,0.935,0.152,130.213,0.06278,0.03953
34,exc,Exelon Corp,Utilities,45136453632.0,1413,A,0.3524,0.948,0.566,176.868,0.17284,0.111669995
35,vlo,Valero Energy Corp,Energy,42506514432.0,1245,A,0.2399,1.622,1.004,39.511,0.03603,0.0064999997
36,etr,Entergy Corp,Utilities,40355373056.0,1343,A,0.4276,0.797,0.436,183.959,0.25529,0.14300999
37,ed,Consolidated Edison Inc,Utilities,37535637504.0,1358,A,0.4446,1.283,0.88,110.23,0.2747,0.11988
38,vrsk,Verisk Analytics Inc,Industrials,36985356288.0,1281,A,0.6255,1.531,1.414,1096.545,0.46078,0.30675
39,wec,WEC Energy Group Inc,Utilities,35405258752.0,1373,A,0.4227,0.553,0.323,150.418,0.21403,0.17871
40,ctsh,Cognizant Technology Solutions Corp,Technology,34138882048.0,1270,A,0.3522,2.41,1.968,7.699,0.15577,0.11891
41,anss,ANSYS Inc,Technology,32906993664.0,1202,A,0.4517,3.657,3.56,13.932,0.116639994,0.22948
42,wab,Westinghouse Air Brake Technologies Corp,Industrials,32291309568.0,1238,A,0.4794,1.762,0.966,47.091,0.18476999,0.109160006
43,adm,Archer-Daniels-Midland Co,Consumer Defensive,27683526656.0,1245,A,0.231,1.382,0.362,55.504,0.01229,0.01629
44,awk,American Water Works Company Inc,Utilities,27606509568.0,1348,A,0.5027,0.351,0.265,141.097,0.38636002,0.21914
45,aee,Ameren Corp,Utilities,27584522240.0,1207,A,0.389,0.801,0.371,160.58,0.18505,0.15087
46,gis,General Mills Inc,Consumer Defensive,26660337664.0,1276,A,0.5114,0.671,0.293,166.066,0.13492,0.11778
47,ato,Atmos Energy Corp,Utilities,24878639104.0,1255,A,0.5653,1.328,1.101,64.747,0.32598,0.25346002
48,chd,Church & Dwight Co Inc,Consumer Defensive,22202523648.0,1267,A,0.5787,1.845,1.269,54.844,0.17374,0.08658
49,eix,Edison International,Utilities,21273622528.0,1528,A,0.3906,0.873,0.373,209.565,0.18314,0.15024
50,ntap,NetApp Inc,Technology,20412100608.0,1229,A,0.3537,1.255,1.094,335.673,0.22748,0.18045999
51,trmb,Trimble Inc,Technology,19731144704.0,1280,A,0.3874,0.843,0.54,25.668,0.12158,0.42398998
52,tsn,Tyson Foods Inc,Consumer Defensive,19492583424.0,1244,A,0.2887,1.733,0.703,49.085,0.037019998,0.014479999
53,gwre,Guidewire Software Inc,Technology,18780581888.0,1200,A,0.2962,3.235,3.042,51.866,0.0152199995,0.03043
54,wy,Weyerhaeuser Co,Real Estate,18614982656.0,1340,A,0.2178,1.038,0.573,54.504,0.08493,0.03965
55,lyb,LyondellBasell Industries NV,Basic Materials,16719262720.0,1269,A,0.2452,1.774,0.788,111.01,0.04087,0.0066000004
56,clx,Clorox Co,Consumer Defensive,15452228608.0,1255,A,0.5468,0.838,0.515,597.51,0.2173,0.114020005
57,aptv,Aptiv PLC,Consumer Cyclical,14106492928.0,1204,A,0.4282,1.762,1.2,83.689,0.11002,0.05118
58,chrw,CH Robinson Worldwide Inc,Industrials,13736344576.0,1243,A,0.2345,1.313,1.256,94.807,0.05314,0.03141
59,reg,Regency Centers Corp,Real Estate,13481396224.0,1312,A,0.4329,0.686,0.662,73.544,0.40392,0.26071
60,are,Alexandria Real Estate Equities Inc,Real Estate,13340138496.0,1282,A,0.3121,1.62,1.403,62.825,0.20363002,-0.00331
61,avy,Avery Dennison Corp,Consumer Cyclical,13114165248.0,1207,A,0.444,1.04,0.615,161.255,0.12911999,0.08137
62,cnc,Centene Corp,Healthcare,12715432960.0,1218,A,0.1733,1.098,1.054,63.909,-0.00071999995,0.01287
63,cna,CNA Financial Corp,Financial Services,12607576064.0,1209,A,0.2435,0.369,0.175,27.905,0.11057,0.059860002
64,mos,Mosaic Co,Basic Materials,11318802432.0,1209,A,0.3219,1.123,0.38,40.476,0.12915,0.033239998
65,pnw,Pinnacle West Capital Corp,Utilities,11025303552.0,1408,A,0.2376,0.502,0.188,177.219,0.0583,0.11282
66,uhs,Universal Health Services Inc,Healthcare,10613334016.0,1218,A,0.4325,1.29,1.053,70.09,0.116780005,0.07661
67,aes,AES Corp,Utilities,9064395776.0,1221,A,0.2892,0.823,0.419,313.243,0.14011,0.076630004
68,lnc,Lincoln National Corp,Financial Services,7351911936.0,1300,A,0.31,2.281,1.175,95.517,-0.04744,0.062989995
69,emn,Eastman Chemical Co,Basic Materials,7049536512.0,1258,A,0.4115,1.685,0.739,90.603,0.124180004,0.0896
70,hasi,Hannon Armstrong Sustainable Infrastructure Capital Inc,Financial Services,3104159744.0,1363,A,0.5555,4.401,4.248,191.466,-0.20758,1.0546299
71,clsk,CleanSpark Inc,Financial Services,3042623488.0,1206,A,0.3436,8.668,0.923,34.234,-0.77185,-0.35434
72,he,Hawaiian Electric Industries Inc,Utilities,1911233536.0,1243,A,0.2264,1.248,0.688,206.929,0.08512,-0.45445
73,abcl,Abcellera Biologics Inc,Healthcare,1301394560.0,1239,A,0.3189,10.146,8.863,6.632,-14.79575,0.0
74,mtrx,Matrix Service Co,Industrials,402561088.0,1256,A,0.1644,1.004,0.971,14.248,-0.024360001,-0.0304
75,agfy,Agrify Corp,Industrials,46906800.0,1206,A,0.16,1.492,1.367,39.576,-6.8791804,0.0
1,nvda,NVIDIA Corp,Technology,4347333443584.0,899,BB,0.704,3.388,2.857,12.267,0.49108002,0.51694
2,aapl,Apple Inc,Technology,3011413803008.0,891,BB,0.4112,0.868,0.724,154.486,0.29990998,0.24295999
3,googl,Alphabet Inc,Communication Services,2357862596608.0,1012,BBB,0.6542,1.904,1.72,11.481,0.32429,0.31118
4,meta,Meta Platforms Inc,Communication Services,1917918511104.0,652,B,0.6948,1.973,1.706,25.406,0.43019,0.39992002
5,avgo,Broadcom Inc,Technology,1377787445248.0,622,B,0.4202,1.077,0.887,166.032,0.31765,0.22643
6,tsla,Tesla Inc,Consumer Cyclical,995760930816.0,993,BBB,0.3651,2.037,1.359,16.823,0.04103,0.063439995
7,wmt,Walmart Inc,Consumer Defensive,792535498752.0,811,BB,0.2375,0.78,0.185,75.78,0.043080002,0.02747
8,orcl,Oracle Corp,Technology,718133526528.0,1000,BBB,0.4024,0.753,0.632,519.586,0.32484,0.21677999
9,ma,Mastercard Inc,Financial Services,511706955776.0,655,B,0.6251,1.163,0.712,240.919,0.59916,0.44926
10,hd,Home Depot Inc,Consumer Cyclical,383455199232.0,752,BB,0.461,1.093,0.23,778.781,0.12878999,0.08984
11,ko,Coca-Cola Co,Consumer Defensive,297168404480.0,601,B,0.6306,1.213,0.841,166.367,0.34662998,0.25887
12,amd,Advanced Micro Devices Inc,Technology,282626228224.0,608,B,0.332,2.803,1.765,8.174,0.10836001,0.080249995
13,tmus,T-Mobile US Inc,Communication Services,268896600064.0,903,BBB,0.4493,1.211,0.893,194.218,0.24669,0.14533
14,csco,Cisco Systems Inc,Technology,267379179520.0,734,B,0.3387,0.951,0.714,66.932,0.23295,0.17604
15,crm,Salesforce Inc,Technology,236600442880.0,656,B,0.3183,1.069,0.899,19.813,0.20124,0.16079001
16,lin,Linde PLC,Basic Materials,220312682496.0,725,B,0.5627,0.926,0.698,64.823,0.28264,0.20196
17,axp,American Express Co,Financial Services,206426439680.0,664,B,0.4999,1.603,1.587,187.933,0.21002,0.15994
18,cat,Caterpillar Inc,Industrials,204224888832.0,709,B,0.503,1.32,0.693,213.547,0.18450001,0.15712
19,t,AT&T Inc,Communication Services,198566330368.0,715,B,0.3591,0.809,0.506,123.191,0.22725001,0.10288999
20,qcom,Qualcomm Inc,Technology,158300110848.0,1009,BBB,0.5386,3.194,1.721,54.35,0.26647,0.26766002
21,adbe,Adobe Inc,Technology,143693496320.0,621,B,0.476,0.993,0.824,57.486,0.35909998,0.30392
22,pgr,Progressive Corp,Financial Services,142413627392.0,975,BBB,0.363,0.3,0.245,21.148,0.18417999,0.12663999
23,spot,Spotify Technology SA,Communication Services,133138366464.0,1038,BBB,0.2978,1.473,1.215,36.97,0.096829996,0.048520003
24,unp,Union Pacific Corp,Industrials,132230127616.0,792,BB,0.574,0.648,0.464,208.857,0.41257998,0.2843
25,adp,Automatic Data Processing Inc,Technology,121363030016.0,1000,BBB,0.359,1.048,0.276,147.12,0.23688999,0.19841999
26,nke,Nike Inc,Consumer Cyclical,109851811840.0,680,B,0.3696,2.211,1.313,83.41,0.02893,0.069510005
27,adi,Analog Devices Inc,Technology,109512007680.0,968,BBB,0.4252,2.077,1.397,20.62,0.25745,0.18652001
28,cme,CME Group Inc,Financial Services,102567747584.0,812,BB,0.6242,1.019,0.019,13.603,0.66874003,0.58587
29,ph,Parker-Hannifin Corp,Industrials,91345936384.0,853,BB,0.5279,1.207,0.645,69.948,0.21664,0.17141001
30,shw,Sherwin-Williams Co,Basic Materials,87787651072.0,774,BB,0.4306,0.784,0.424,308.571,0.17459999,0.11026
31,rsg,Republic Services Inc,Industrials,72459091968.0,744,B,0.453,0.662,0.596,109.658,0.20542999,0.12972
32,pypl,PayPal Holdings Inc,Financial Services,64803291136.0,899,BB,0.4522,1.329,0.249,60.254,0.19293,0.1449
33,eog,EOG Resources Inc,Energy,64282791936.0,1042,BBB,0.6448,1.867,1.612,17.15,0.31735,0.25882998
34,spg,Simon Property Group Inc,Real Estate,63864918016.0,677,B,0.4939,0.594,0.594,838.458,0.49664003,0.35057998
35,nsc,Norfolk Southern Corp,Industrials,62789951488.0,1027,BBB,0.5782,0.793,0.662,121.059,0.37267,0.27509
36,tel,TE Connectivity Ltd,Technology,59548483584.0,600,B,0.3028,1.525,0.823,48.355,0.19652,0.087749995
37,cmg,Chipotle Mexican Grill Inc,Consumer Cyclical,57161715712.0,664,B,0.5976,1.651,1.53,135.497,0.18428,0.13317999
38,carr,Carrier Global Corp,Industrials,56490901504.0,694,B,0.4766,1.166,0.722,79.173,0.14412,0.17812
39,alny,Alnylam Pharmaceuticals Inc,Healthcare,54910304256.0,1002,BBB,0.2635,2.801,2.633,1093.309,-0.02094,-0.12961
40,glw,Corning Inc,Technology,54112620544.0,600,B,0.2619,1.497,0.692,73.616,0.1494,0.05765
41,afl,Aflac Inc,Financial Services,53480603648.0,989,BBB,0.3975,1.38,1.235,42.513,0.057389997,0.21274
42,fast,Fastenal Co,Industrials,52148764672.0,732,B,0.6597,4.22,1.904,14.319,0.20963,0.15295
43,payx,Paychex Inc,Technology,50138759168.0,1000,BBB,0.4975,1.282,0.523,122.209,0.38723,0.29745
44,psa,Public Storage,Real Estate,49446162432.0,685,B,0.5027,0.611,0.611,110.172,0.47577998,0.38064
45,amp,Ameriprise Financial Inc,Financial Services,47674830848.0,971,BBB,0.6866,9.169,8.539,53.93,0.36303002,0.17739001
46,cbre,CBRE Group Inc,Real Estate,46558273536.0,609,B,0.2066,1.126,0.885,108.184,0.0364,0.02861
47,rost,Ross Stores Inc,Consumer Cyclical,46375395328.0,1000,BBB,0.5,1.55,0.894,89.95,0.12166,0.097950004
48,dhi,D R Horton Inc,Consumer Cyclical,46158540800.0,726,B,0.6767,6.526,0.559,29.937,0.14564,0.114630006
49,cprt,Copart Inc,Industrials,45006032896.0,679,B,0.8528,8.155,6.987,1.148,0.37265,0.32209
50,gww,WW Grainger Inc,Industrials,44753240064.0,880,BB,0.5145,2.822,1.533,66.838,0.14887999,0.10995
51,f,Ford Motor Co,Consumer Cyclical,44017254400.0,753,BB,0.199,1.101,0.911,355.447,0.010720001,0.01701
52,peg,Public Service Enterprise Group Inc,Utilities,43996655616.0,1005,BBB,0.4515,0.825,0.552,143.849,0.25233,0.17011
53,grmn,Garmin Ltd,Technology,43936755712.0,647,B,0.5236,3.012,1.871,2.335,0.26028,0.23208
54,xel,Xcel Energy Inc,Utilities,43605839872.0,629,B,0.3889,0.963,0.619,159.282,0.17676,0.14852999
55,rmd,Resmed Inc,Healthcare,41788698624.0,942,BBB,0.7344,3.44,2.109,14.273,0.33870998,0.27218
56,ttwo,Take-Two Interactive Software Inc,Communication Services,41674784768.0,842,BB,0.1738,0.779,0.676,192.071,0.02016,-0.79503
57,ea,Electronic Arts Inc,Communication Services,40280825856.0,885,BB,0.3584,0.837,0.712,36.32,0.16218,0.13942
58,rok,Rockwell Automation Inc,Industrials,38999736320.0,761,BB,0.4301,1.052,0.635,113.537,0.17041,0.11389
59,hei,HEICO Corp,Industrials,37926330368.0,633,B,0.6353,3.434,1.442,50.945,0.22604,0.14538
60,pru,Prudential Financial Inc,Financial Services,36313481216.0,873,BB,0.2069,0.883,0.772,149.725,0.05391,0.02755
61,xyl,Xylem Inc,Industrials,34956111872.0,838,BB,0.4517,1.899,1.31,18.782,0.14342,0.10745
62,nrg,NRG Energy Inc,Utilities,33619900416.0,916,BBB,0.2773,1.062,0.452,395.715,0.13384,0.04658
63,a,Agilent Technologies Inc,Healthcare,32636227584.0,1037,BBB,0.6433,2.091,1.417,60.039,0.23561001,0.17592
64,nue,Nucor Corp,Basic Materials,32178227200.0,939,BBB,0.4146,2.827,1.416,32.017,0.10868,0.042069998
65,tsco,Tractor Supply Co,Consumer Cyclical,31690233856.0,1000,BBB,0.4472,1.283,0.082,223.159,0.13015,0.071779996
66,len,Lennar Corp,Consumer Cyclical,30950610944.0,927,BBB,0.5639,9.429,3.132,19.683,0.08146,0.09205
67,bro,Brown & Brown Inc,Financial Services,30236708864.0,1025,BBB,0.6546,2.747,1.966,66.945,0.29944,0.20299
68,dxcm,Dexcom Inc,Healthcare,29592016896.0,666,B,0.5714,1.52,1.302,100.241,0.18374,0.13288
69,efx,Equifax Inc,Industrials,29585758208.0,995,BBB,0.433,0.772,0.631,93.548,0.20221001,0.10953
70,ual,United Airlines Holdings Inc,Industrials,28378347520.0,629,B,0.296,0.699,0.617,245.166,0.11833999,0.0571
71,tyl,Tyler Technologies Inc,Technology,26332592128.0,1011,BBB,0.2796,1.031,0.971,17.655,0.16036,0.13661
72,hpe,Hewlett Packard Enterprise Co,Technology,26073812992.0,819,BB,0.2006,1.287,0.794,73.382,0.04982,0.04597
73,eqr,Equity Residential,Real Estate,24834146304.0,653,B,0.386,0.025,0.025,75.259,0.29397,0.33221
74,dg,Dollar General Corp,Consumer Defensive,24397072384.0,669,B,0.2921,1.233,0.138,220.908,0.0552,0.02805
75,afrm,Affirm Holdings Inc,Technology,24149835776.0,895,BB,0.341,13.474,10.443,255.948,-0.0107,-0.020680001
76,dltr,Dollar Tree Inc,Consumer Defensive,24137779200.0,658,B,0.2984,1.044,0.122,202.505,0.08279,-0.16548
77,ppg,PPG Industries Inc,Basic Materials,23928713216.0,749,B,0.3837,1.421,0.959,106.173,0.14136,0.06464
78,phm,Pultegroup Inc,Consumer Cyclical,23877003264.0,658,B,0.7383,6.409,0.523,18.024,0.18341999,0.15499
79,foxa,Fox Corp,Communication Services,23544023040.0,940,BBB,0.4723,2.453,2.262,68.321,0.17387,0.1158
80,cinf,Cincinnati Financial Corp,Financial Services,23523641344.0,760,BB,0.5035,1.052,0.848,6.181,0.26755,0.15593
81,expe,Expedia Group Inc,Consumer Cyclical,23122229248.0,772,BB,0.2614,0.732,0.573,278.63,-0.014730001,0.08477
82,ulta,Ulta Beauty Inc,Consumer Cyclical,22929897472.0,647,B,0.5387,1.667,0.385,81.274,0.14106,0.104490004
83,nvr,NVR Inc,Consumer Cyclical,21953693696.0,676,B,0.7221,5.788,2.347,26.758,0.17266001,0.14183
84,cdw,CDW Corp,Technology,21759629312.0,634,B,0.2126,1.323,1.152,272.795,0.07215,0.05095
85,ni,NiSource Inc,Utilities,20193159168.0,906,BBB,0.4461,0.515,0.338,136.355,0.34623,0.1467
86,podd,Insulet Corp,Healthcare,19775346688.0,653,B,0.7238,4.474,3.239,131.405,0.15606,0.18291001
87,dgx,Quest Diagnostics Inc,Healthcare,19375570944.0,735,B,0.4763,1.086,0.859,86.904,0.15103,0.09029
88,gpn,Global Payments Inc,Industrials,19122632704.0,918,BBB,0.5053,0.944,0.561,73.574,0.23281999,0.15477
89,ffiv,F5 Inc,Technology,18446841856.0,636,B,0.4166,1.602,1.152,6.608,0.25172,0.22058001
90,xpev,Xpeng Inc,Consumer Cyclical,18205614080.0,623,B,0.1866,1.212,0.891,57.649,-0.058390003,-0.10147
91,ess,Essex Property Trust Inc,Real Estate,17775466496.0,891,BB,0.4698,0.573,0.165,116.679,0.33938998,0.42391998
92,maa,Mid-America Apartment Communities Inc,Real Estate,17018978304.0,786,BB,0.3422,0.059,0.039,83.591,0.27533,0.25982
93,wat,Waters Corp,Healthcare,16737582080.0,797,BB,0.6336,1.754,1.08,73.86,0.26216,0.21712999
94,yumc,Yum China Holdings Inc,Consumer Cyclical,16092337152.0,642,B,0.4665,1.256,1.001,36.885,0.13586001,0.08088
95,dow,Dow Inc,Basic Materials,15863928832.0,626,B,0.2088,1.689,0.779,97.386,0.00208,-0.023459999
96,luv,Southwest Airlines Co,Industrials,15713625088.0,827,BB,0.1661,0.559,0.445,66.763,0.031059999,0.01427
97,zbra,Zebra Technologies Corp,Technology,15388511232.0,937,BBB,0.281,1.449,0.959,65.113,0.15138,0.10735
98,udr,UDR Inc,Real Estate,14546726912.0,741,B,0.2246,0.238,0.002,139.058,0.19672,0.07694
99,bby,Best Buy Co Inc,Consumer Cyclical,14156023808.0,961,BBB,0.2256,1.023,0.281,146.906,0.03741,0.021300001
100,txt,Textron Inc,Industrials,13939194880.0,1000,BBB,0.3288,1.837,0.664,54.985,0.08906999,0.058029998
101,ben,Franklin Resources Inc,Financial Services,13109673984.0,980,BBB,0.4226,4.413,1.284,26.57,0.103199996,0.03735
102,h,Hyatt Hotels Corp,Consumer Cyclical,13038375936.0,649,B,0.5746,0.981,0.892,122.461,0.15144,0.24689
103,fn,Fabrinet,Technology,11756052480.0,929,BBB,0.5516,3.325,2.384,0.3,0.0919,0.100030005
104,ppc,Pilgrims Pride Corp,Consumer Defensive,11630301184.0,1022,BBB,0.4792,1.625,0.782,89.674,0.1088,0.06807
105,has,Hasbro Inc,Consumer Cyclical,10793733120.0,856,BB,0.4357,1.662,1.135,1241.676,0.22808,-0.13369
106,dva,DaVita Inc,Healthcare,10620080128.0,892,BB,0.4317,1.251,1.125,742.203,0.13442999,0.06628
107,vtrs,Viatris Inc,Healthcare,10539645952.0,1000,BBB,0.2623,1.682,0.768,92.384,0.05672,-0.26448
108,mtsi,MACOM Technology Solutions Holdings Inc,Technology,10212356096.0,941,BBB,0.3566,3.562,2.72,44.93,0.14783,-0.10236
109,algn,Align Technology Inc,Healthcare,10124624896.0,775,BB,0.55,1.227,1.011,2.312,0.16103001,0.110369995
110,agnc,AGNC Investment Corp,Real Estate,10000608256.0,929,BBB,0.568,0.257,0.243,669.943,1.25,0.7621
111,mgm,MGM Resorts International,Consumer Cyclical,9518520320.0,1000,BBB,0.3241,1.218,1.085,844.044,0.086,0.03135
112,wts,Watts Water Technologies Inc,Industrials,8802454528.0,933,BBB,0.5557,2.464,1.426,11.178,0.18817,0.13067001
113,kmx,Carmax Inc,Consumer Cyclical,8419038720.0,788,BB,0.3259,2.394,0.203,309.961,0.03858,0.01948
114,bwa,Borgwarner Inc,Consumer Cyclical,8196966912.0,696,B,0.3738,2.022,1.567,67.177,0.08906,0.01496
115,hsic,Henry Schein Inc,Healthcare,8104074240.0,615,B,0.2768,1.384,0.585,68.32,0.05745,0.03213
116,mktx,Marketaxess Holdings Inc,Financial Services,7793228288.0,653,B,0.7712,8.864,7.399,5.259,0.42374,0.26569
117,lw,Lamb Weston Holdings Inc,Consumer Defensive,7405240832.0,901,BBB,0.4582,1.377,0.577,244.818,0.12883,0.055370003
118,siri,Sirius XM Holdings Inc,Communication Services,7320727552.0,747,B,0.2532,0.407,0.293,90.008,0.22077,-0.20537001
119,bio,Bio Rad Laboratories Inc,Healthcare,7292708864.0,802,BB,0.6678,5.121,3.374,19.73,0.12185001,0.12497
120,urbn,Urban Outfitters Inc,Consumer Cyclical,6975059456.0,935,BBB,0.419,1.398,0.552,46.9,0.09284,0.07906
121,aaon,Aaon Inc,Industrials,6784304640.0,1023,BBB,0.419,2.767,1.752,8.581,0.0399,0.126
122,cmc,Commercial Metals Co,Basic Materials,5815934464.0,635,B,0.333,2.857,1.743,32.804,0.06146,0.00479
123,czr,Caesars Entertainment Inc,Consumer Cyclical,5235158528.0,693,B,0.3676,0.824,0.628,632.192,0.19264,-0.01714
124,tfx,Teleflex Inc,Healthcare,5075543040.0,600,B,0.535,2.407,1.083,49.494,0.24163,0.06311
125,adma,ADMA Biologics Inc,Healthcare,4526396416.0,824,BB,0.7792,6.576,3.197,21.963,0.30384,0.45011002
126,you,Clear Secure Inc,Technology,4329476096.0,998,BBB,0.3215,0.845,0.77,94.907,0.16845,0.21957001
127,gva,Granite Construction Inc,Industrials,4133222144.0,600,B,0.213,1.572,1.384,80.758,-0.04583,0.030650001
128,acad,ACADIA Pharmaceuticals Inc,Healthcare,3956437504.0,765,BB,0.5941,2.879,2.629,7.319,0.07895,0.22974001
129,akro,Akero Therapeutics Inc,Healthcare,3950804480.0,801,BB,0.2994,16.804,16.171,3.342,0.0,0.0
130,hgv,Hilton Grand Vacations Inc,Consumer Cyclical,3931448064.0,843,BB,0.5048,4.565,2.64,437.073,0.12214,0.01273
131,aap,Advance Auto Parts Inc,Consumer Cyclical,3421152512.0,735,B,0.1905,1.269,0.452,185.571,-0.00503,-0.0395
132,yeti,Yeti Holdings Inc,Consumer Cyclical,3065829888.0,827,BB,0.481,2.581,1.277,23.96,0.06172,0.09591
133,uslm,United States Lime & Minerals Inc,Basic Materials,3055834624.0,1033,BBB,0.889,21.751,20.18,0.795,0.38997,0.35567
134,cnk,Cinemark Holdings Inc,Communication Services,2933417984.0,930,BBB,0.3309,0.909,0.847,756.805,0.18724,0.09129
135,powl,Powell Industries Inc,Industrials,2850991616.0,955,BBB,0.7845,2.002,1.748,0.261,0.21146,0.16003999
136,hcc,Warrior Met Coal Inc,Basic Materials,2847137280.0,615,B,0.4096,5.136,3.783,8.296,-0.058390003,0.07992
137,prct,Procept Biorobotics Corp,Healthcare,2662416896.0,724,B,0.3428,8.947,7.596,21.023,-0.39672002,-0.36203998
138,alhc,Alignment Healthcare LLC,Healthcare,2655595776.0,768,BB,0.215,1.662,1.486,233.853,0.022950001,-0.015269999
139,penn,PENN Entertainment Inc,Consumer Cyclical,2625924608.0,891,BB,0.1764,0.741,0.615,370.765,0.02559,-0.01279
140,wu,Western Union Co,Financial Services,2593424896.0,638,B,0.4358,0.263,0.213,311.136,0.1878,0.21835
141,acva,ACV Auctions Inc,Consumer Cyclical,2553070080.0,812,BB,0.2087,1.499,1.464,47.023,-0.070760004,-0.10983
142,alkt,Alkami Technology Inc,Technology,2244029440.0,845,BB,0.2568,2.678,2.188,117.234,-0.13698,-0.09986
143,adus,Addus Homecare Corp,Healthcare,2144783104.0,643,B,0.4093,1.738,1.528,21.75,0.094110005,0.065120004
144,yelp,Yelp Inc,Communication Services,2141274112.0,973,BBB,0.4493,2.893,2.701,4.603,0.08367,0.09951
145,achc,Acadia Healthcare Company Inc,Healthcare,2004579072.0,781,BB,0.387,1.35,1.181,74.086,0.10187,0.059439998
146,zim,ZIM Integrated Shipping Services Ltd,Industrials,1916486784.0,1000,BBB,0.5771,1.177,1.099,148.291,0.23257999,0.26518
147,www,Wolverine World Wide Inc,Consumer Cyclical,1904534016.0,996,BBB,0.277,1.256,0.627,268.111,0.045840003,0.04147
148,prdo,Perdoceo Education Corp,Consumer Defensive,1903784064.0,912,BBB,0.7713,4.273,4.031,12.648,0.24525,0.20086999
149,acmr,ACM Research Inc,Technology,1893582464.0,967,BBB,0.3558,2.461,1.456,20.525,0.14956,0.13284001
150,shoo,Steven Madden Ltd,Consumer Cyclical,1822957824.0,1039,BBB,0.3247,2.009,1.021,62.439,0.040359996,0.03924
151,adpt,Adaptive Biotechnologies Corp,Healthcare,1678682752.0,868,BB,0.2698,2.921,2.716,115.897,-0.56450003,-0.74837
152,plya,Playa Hotels & Resorts NV,Consumer Cyclical,1658215168.0,615,B,0.6158,3.355,2.947,202.797,0.24853,0.06983
153,cnmd,Conmed Corp,Healthcare,1656092544.0,1011,BBB,0.4863,2.231,0.909,87.93,0.10623,0.08309
154,hci,Hci Group Inc,Financial Services,1618987520.0,765,BB,0.297,0.834,0.508,27.574,-0.03595,0.17375
155,cmre,Costamare Inc,Industrials,1607705088.0,646,B,0.5608,1.676,1.461,78.685,0.51467997,0.146
156,upwk,Upwork Inc,Communication Services,1563289216.0,817,BB,0.6374,3.415,2.548,62.323,0.20076999,0.3046
157,hbi,HanesBrands Inc,Consumer Cyclical,1488824448.0,838,BB,0.3456,1.548,0.468,6053.549,0.10185,-0.08254
158,yala,Yalla Group Ltd,Technology,1409947136.0,697,B,0.9229,8.157,7.71,0.107,0.37208998,0.40943
159,ahco,Adapthealth Corp,Healthcare,1364324224.0,656,B,0.2332,1.292,0.822,133.638,0.036340002,0.02629
160,afya,Afya Ltd,Consumer Defensive,1310637568.0,698,B,0.6432,1.422,1.379,72.091,0.39785,0.19791001
161,xhr,Xenia Hotels & Resorts Inc,Real Estate,1295476480.0,759,BB,0.3598,2.518,1.83,113.932,0.14082,0.05861
162,cnne,Cannae Holdings Inc,Consumer Cyclical,1271436288.0,621,B,0.3339,4.19,0.769,18.772,-0.20736,-0.7364
163,aaoi,Applied Optoelectronics Inc,Technology,1202218880.0,785,BB,0.2084,1.879,1.164,61.583,-0.089499995,-0.55983
164,prax,Praxis Precision Medicines Inc,Healthcare,1005778816.0,630,B,0.5294,8.44,8.299,0.243,-28.68838,0.0
165,akba,Akebia Therapeutics Inc,Healthcare,977005952.0,633,B,0.4473,2.234,1.917,795.72,0.23854,-0.24506001
166,yext,Yext Inc,Technology,968168192.0,949,BBB,0.1469,0.755,0.573,60.892,-0.26917,-0.05377
167,zyme,Zymeworks Inc,Healthcare,938549952.0,871,BB,0.3354,4.707,4.453,5.682,-0.94478,-1.21732
168,mvst,Microvast Holdings Inc,Consumer Cyclical,847513280.0,717,B,0.3818,1.318,0.697,65.24,0.15036,-0.26231
169,ysg,Yatsen Holding Ltd,Consumer Defensive,803229248.0,897,BB,0.3461,4.257,2.817,5.132,-0.04085,-0.17051001
170,shls,Shoals Technologies Group Inc,Technology,781585280.0,865,BB,0.2676,2.339,1.417,25.361,0.05366,0.049060002
171,pntg,Pennant Group Inc,Healthcare,764867136.0,751,BB,0.2848,1.408,1.139,105.099,0.06028,0.03399
172,trtx,TPG RE Finance Trust Inc,Real Estate,699456320.0,769,BB,0.7007,105.633,105.57,277.192,0.40060002,0.48508
173,sibn,SI-BONE Inc,Healthcare,681832000.0,658,B,0.3425,8.382,6.865,21.682,-0.14403,-0.12827
174,abus,Arbutus Biopharma Corp,Healthcare,653107136.0,745,B,0.3139,6.011,5.871,7.072,-7.38492,0.0
175,xyf,X Financial,Financial Services,575736256.0,620,B,0.749,4.268,1.489,8.383,0.69202006,0.24766001
176,aehr,Aehr Test Systems,Technology,552831040.0,852,BB,0.3384,5.677,2.706,8.814,-0.16609,-0.06631
177,yrd,Yiren Digital Ltd,Financial Services,496837344.0,610,B,0.9456,8.007,5.752,0.388,0.46203,0.22465
178,absi,Absci Corp,Healthcare,425475520.0,659,B,0.318,5.717,4.962,4.486,-23.51908,0.0
179,cmco,Columbus McKinnon Corp,Industrials,409910048.0,763,BB,0.2335,1.846,0.919,60.494,0.03395,-0.01633
180,airs,Airsculpt Technologies Inc,Healthcare,375868928.0,616,B,0.159,0.635,0.387,93.579,0.02031,-0.08789
181,mygn,Myriad Genetics Inc,Healthcare,356726528.0,968,BBB,0.2117,1.901,1.404,22.358,-0.14803,-0.12198
182,zepp,Zepp Health Corp,Technology,345696480.0,707,B,0.1633,1.097,0.528,47.485,-0.10268,-0.38814
183,actg,Acacia Research Corp,Industrials,345256384.0,675,B,0.5546,6.155,5.597,20.351,0.30786,-0.05208
184,abeo,Abeona Therapeutics Inc,Healthcare,330983840.0,821,BB,0.2677,4.9,4.77,57.921,0.0,0.0
185,aldx,Aldeyra Therapeutics Inc,Healthcare,309061280.0,727,B,0.2792,6.491,6.357,24.476,0.0,0.0
186,pnrg,Primeenergy Resources Corp,Energy,279254592.0,660,B,0.5239,0.486,0.461,3.646,0.22945999,0.22087
187,gwrs,Global Water Resources Inc,Utilities,263529616.0,899,BB,0.3233,1.551,1.506,161.382,0.10075,0.10626
188,aciu,AC Immune SA,Healthcare,246470000.0,851,BB,0.1978,1.533,1.497,5.459,-19.56566,-1.8404499
189,mxct,MaxCyte Inc,Healthcare,219216960.0,768,BB,0.3465,12.232,11.293,9.439,-1.18335,-1.10922
190,utmd,Utah Medical Products Inc,Healthcare,182791760.0,726,B,0.9994,41.87,38.071,0.218,0.34924,0.32334
191,hbb,Hamilton Beach Brands Holding Co,Consumer Cyclical,182738640.0,747,B,0.3798,2.466,0.818,57.665,0.046550002,0.05099
192,acrs,Aclaris Therapeutics Inc,Healthcare,167835552.0,657,B,0.3445,5.057,4.907,1.724,-12.222679,0.0
193,sieb,Siebert Financial Corp,Financial Services,161235504.0,834,BB,0.5493,1.163,1.157,230.61,0.36407003,0.19836001
194,usau,US Gold Corp,Basic Materials,157091200.0,940,BBB,0.4958,10.109,9.283,0.297,0.0,0.0
195,alec,Alector Inc,Healthcare,155988448.0,817,BB,0.2898,3.34,3.23,43.387,-12.165219,-1.39736
196,aeye,AudioEye Inc,Technology,154607504.0,844,BB,0.1742,1.304,1.238,149.673,-0.09658,-0.13281
197,poww,Ammo Inc,Industrials,140533200.0,657,B,0.3147,1.162,0.651,0.701,-1.26977,-1.4679899
198,myps,Playstudios Inc,Communication Services,135967680.0,607,B,0.3707,3.647,3.416,3.824,-0.05775,-0.12004
199,achv,Achieve Life Sciences Inc,Healthcare,130174960.0,742,B,0.235,3.506,3.26,96.897,0.0,0.0
200,pre,Artisan Acquisition Corp,Healthcare,104011320.0,713,B,0.2405,2.07,1.855,3.196,-0.61414003,-1.1591
201,afcg,AFC Gamma Inc,Real Estate,102585840.0,685,B,0.7502,10.022,9.67,55.283,0.66266996,0.50945
202,adag,Adagene Inc,Healthcare,89470552.0,901,BBB,0.2051,2.299,2.231,36.604,-170.82393,0.0
203,abos,Acumen Pharmaceuticals Inc,Healthcare,82379824.0,606,B,0.2821,8.022,7.758,19.149,0.0,0.0
204,airt,Air T Inc,Industrials,60133740.0,769,BB,0.1994,1.647,0.653,2332.28,-0.04869,-0.02104
205,acet,Adicet Bio Inc,Healthcare,59542644.0,731,B,0.2852,9.337,9.147,10.062,0.0,0.0
206,cnf,CNFinance Holdings Ltd,Financial Services,54337676.0,620,B,0.2738,1.815,1.175,187.894,-0.13439,0.06043
207,advm,Adverum Biotechnologies Inc,Healthcare,52644564.0,818,BB,0.2674,3.565,3.311,352.653,-158.181,0.0
208,abvc,ABVC Biopharma Inc,Healthcare,50944800.0,637,B,0.0976,0.218,0.032,36.216,-5.03555,0.0
209,usio,Usio Inc,Technology,50244788.0,770,BB,0.1762,1.116,0.151,19.323,-0.01089,0.03955
210,algs,Aligos Therapeutics Inc,Healthcare,48368068.0,667,B,0.3178,7.558,7.276,6.762,-61.8746,0.0
211,aame,Atlantic American Corp,Financial Services,47015548.0,741,B,0.2575,1.777,1.241,41.934,0.03609,-0.00767
212,aacg,ATA Creativity Global,Consumer Defensive,44906788.0,608,B,0.1286,0.197,0.112,70.661,-0.30094,-0.11422
213,aatc,Autoscope Technologies Corp,Technology,41689800.0,936,BBB,0.5867,16.139,10.295,14.022,0.20337,0.31612
214,useg,US Energy Corp,Energy,39771456.0,1018,BBB,0.2656,1.378,1.306,1.681,-1.51002,-1.1847
215,ppsi,Pioneer Power Solutions Inc,Industrials,33583304.0,919,BBB,0.5422,3.096,2.5,2.002,-0.34807,1.21506
216,sj,Scienjoy Holding Corp,Communication Services,33392704.0,820,BB,0.4712,3.274,3.089,1.566,0.04462,0.01773
217,aktx,Akari Therapeutics PLC,Healthcare,32079870.0,746,B,0.0708,0.16,0.123,8.489,0.0,0.0
218,utsi,UTStarcom Holdings Corp,Technology,23296840.0,1015,BBB,0.2809,2.93,2.462,3.511,-0.7232,-0.40153998
219,mtc,MMTEC Inc,Technology,22038538.0,751,BB,0.1031,0.413,0.393,121.663,-0.40668,0.0
220,hbio,Harvard Bioscience Inc,Healthcare,21333110.0,771,BB,0.1492,0.808,0.342,300.688,-0.07458,-0.63515
221,aehl,Antelope Enterprise Holdings Ltd,Industrials,15826534.0,800,BB,0.2567,2.517,0.221,26.215,-0.08676,-0.106750004
222,mtex,Mannatech Inc,Consumer Defensive,15188430.0,690,B,0.1895,1.176,0.448,83.283,-0.03136,-0.00191
223,aei,Alset Ehome International Inc,Real Estate,13964770.0,937,BBB,0.3614,11.219,10.273,3.167,-3.09335,-0.3435
224,xin,Xinyuan Real Estate Co Ltd,Real Estate,13143269.0,747,B,0.1909,1.115,0.096,3144.747,-0.06137,-0.099130005
225,clwt,Euro Tech Holdings Company Ltd,Industrials,9319204.0,641,B,0.5336,2.304,1.86,0.551,0.09404001,0.04772
226,gure,Gulf Resources Inc,Basic Materials,8540490.0,914,BBB,0.1509,1.156,0.707,6.049,-2.87339,0.0
227,clro,Clearone Inc,Technology,8196475.0,808,BB,0.3374,4.813,0.816,3.541,-1.1128399,-0.98432
228,sisi,Shineco Inc,Consumer Defensive,6822151.0,991,BBB,0.1264,0.718,0.077,45.284,-91.78812,0.0
229,pola,Polar Power Inc,Industrials,4947714.0,600,B,0.1988,1.637,0.192,93.081,-0.639,-0.27302998
230,agmh,AGM Group Holdings Inc,Technology,4402377.0,619,B,0.4292,1.325,0.398,10.064,0.70474,0.09734
231,afmd,Affimed NV,Healthcare,2975202.0,982,BBB,0.1815,1.931,1.707,74.958,-87.09146,0.0
232,aihs,Senmiao Technology Ltd,Industrials,2870419.0,623,B,0.1351,0.429,0.322,63.686,-2.0963202,-1.09921
233,aemd,Aethlon Medical Inc,Healthcare,2412984.0,777,BB,0.2223,3.133,2.896,16.16,0.0,0.0
234,adtx,Aditxt Inc,Healthcare,2184145.0,739,B,0.0942,0.08,0.076,25.836,-5508.9536,0.0
235,utrs,Minerva Surgical Inc,Healthcare,888.0,616,B,0.2086,1.882,0.88,215.014,-0.50949,-0.64709
236,mtem,Molecular Templates Inc,Healthcare,658.0,1005,BBB,0.1892,1.565,1.361,155.07,-14.5035,-0.61351
237,clvr,Clever Leaves Holdings Inc,Healthcare,175.0,673,B,0.2467,2.399,1.533,8.618,-1.05908,-1.02767
