Rank,Ticker,name,Sector,marketCap,total_score,total_grade,financial_health_score,Current Ratio,Quick Ratio,Debt to Equity,Operating Margin,Profit Margin,profit_margin,operating_margin,debt_to_equity,current_ratio
1,msft,Microsoft Corp,Technology,3901968351232.0,1533,A,0.7749,1.353,1.223,32.661,0.44901,0.36146,0.171,0.205,67.32,1.75
2,amzn,Amazon.com Inc,Consumer Cyclical,2370913697792.0,1433,A,0.5583,1.024,0.768,47.808,0.11432,0.105399996,0.101,0.159,280.58,1.49
3,pg,Procter & Gamble Co,Consumer Defensive,358054690816.0,1292,A,0.7585,0.704,0.437,69.861,0.25147,0.18952999,0.066,0.16,200.03,1.12
4,rtx,Raytheon Technologies Corp,Industrials,208477618176.0,1250,A,0.4108,1.006,0.605,67.855,0.11547,0.073520005,0.133,0.17,99.93,1.84
5,pep,PepsiCo Inc,Consumer Defensive,192766476288.0,1417,A,0.4708,0.775,0.559,276.868,0.17491,0.08229,0.066,0.16,200.03,1.12
6,now,ServiceNow Inc,Technology,189321658368.0,1274,A,0.5034,1.092,0.921,22.036,0.12068,0.13776,0.171,0.205,67.32,1.75
7,amgn,Amgen Inc,Healthcare,153255510016.0,1215,A,0.5591,1.306,0.817,756.651,0.32629,0.18956,0.119,0.173,151.25,1.46
8,bsx,Boston Scientific Corp,Healthcare,152546164736.0,1224,A,0.6382,1.372,0.645,53.092,0.18632999,0.1355,0.119,0.173,151.25,1.46
9,nee,Nextera Energy Inc,Utilities,145262313472.0,1287,A,0.6199,0.542,0.333,152.939,0.33851,0.22850001,0.135,0.219,178.65,0.79
10,dhr,Danaher Corp,Healthcare,139751866368.0,1259,A,0.6823,1.619,1.1,35.45,0.20115,0.14213,0.119,0.173,151.25,1.46
11,de,Deere & Co,Industrials,138024288256.0,1204,A,0.4533,2.14,1.919,275.281,0.18554,0.12454,0.133,0.17,99.93,1.84
12,aph,Amphenol Corp,Technology,133690744832.0,1290,A,0.544,2.016,1.338,69.505,0.25621998,0.16896999,0.171,0.205,67.32,1.75
13,cop,Conocophillips,Energy,117542993920.0,1536,A,0.6214,1.268,1.023,36.457,0.26678,0.16149999,0.147,0.25,91.35,1.41
14,pld,Prologis Inc,Real Estate,98124103680.0,1268,A,0.6804,0.623,0.486,61.593,0.42019,0.38685,0.162,0.297,108.6,1.29
15,duk,Duke Energy Corp,Utilities,97366302720.0,1294,A,0.5196,0.66,0.241,170.004,0.24227,0.15719,0.135,0.219,178.65,0.79
16,tt,Trane Technologies PLC,Industrials,95020580864.0,1409,A,0.5556,1.104,0.713,58.751,0.20187001,0.13764,0.133,0.17,99.93,1.84
17,wm,Waste Management Inc,Industrials,93295435776.0,1306,A,0.3629,0.857,0.752,261.03,0.1846,0.11361,0.133,0.17,99.93,1.84
18,abnb,Airbnb Inc,Consumer Cyclical,80546291712.0,1475,A,0.7392,1.232,0.604,25.662,0.19767,0.22668,0.101,0.159,280.58,1.49
19,ecl,Ecolab Inc,Basic Materials,76205457408.0,1245,A,0.5376,1.442,1.015,103.915,0.14715,0.13585,0.072,0.155,84.51,1.75
20,emr,Emerson Electric Co,Industrials,75375796224.0,1243,A,0.5094,0.845,0.478,71.563,0.18208,0.14920999,0.133,0.17,99.93,1.84
21,nem,Newmont Corporation,Basic Materials,74606723072.0,1419,A,0.9014,2.227,1.561,23.561,0.45458,0.30495,0.072,0.155,84.51,1.75
22,apd,Air Products and Chemicals Inc,Basic Materials,64329232384.0,1442,A,0.5916,1.292,1.025,103.39,0.24295999,0.12859,0.072,0.155,84.51,1.75
23,rop,Roper Technologies Inc,Technology,58309574656.0,1260,A,0.549,0.464,0.365,45.121,0.28211,0.20616,0.171,0.205,67.32,1.75
24,pwr,Quanta Services Inc,Industrials,57739825152.0,1232,A,0.379,1.368,1.212,64.907,0.05404,0.0373,0.133,0.17,99.93,1.84
25,fcx,Freeport-McMoRan Inc,Basic Materials,55804002304.0,1226,A,0.7689,2.465,1.068,30.841,0.32076,0.07452,0.072,0.155,84.51,1.75
26,sre,Sempra Energy,Utilities,52923596800.0,1396,A,0.6418,0.57,0.441,99.694,0.25829,0.22222,0.135,0.219,178.65,0.79
27,pcar,Paccar Inc,Industrials,51129282560.0,1216,A,0.5716,5.444,4.813,84.861,0.11505,0.098809995,0.133,0.17,99.93,1.84
28,bdx,Becton Dickinson and Co,Healthcare,49413914624.0,1306,A,0.5097,1.127,0.483,76.344,0.16009001,0.07179,0.119,0.173,151.25,1.46
29,mpc,Marathon Petroleum Corp,Energy,49385009152.0,1381,A,0.2791,1.232,0.665,129.105,0.058229998,0.01595,0.147,0.25,91.35,1.41
30,ctva,Corteva Inc,Basic Materials,48550035456.0,1242,A,0.7218,1.682,1.137,13.877,0.28377,0.08156,0.072,0.155,84.51,1.75
31,psx,Phillips 66,Energy,48430219264.0,1242,A,0.3262,1.071,0.629,73.13,0.0442,0.012920001,0.147,0.25,91.35,1.41
32,tgt,Target Corp,Consumer Defensive,47885635584.0,1205,A,0.4254,0.935,0.152,130.213,0.06278,0.03953,0.066,0.16,200.03,1.12
33,oke,ONEOK Inc,Energy,47376547840.0,1262,A,0.3261,0.586,0.388,148.224,0.18423,0.110649996,0.147,0.25,91.35,1.41
34,exc,Exelon Corp,Utilities,45510152192.0,1413,A,0.4785,0.948,0.566,176.868,0.17284,0.111669995,0.135,0.219,178.65,0.79
35,vlo,Valero Energy Corp,Energy,41459617792.0,1245,A,0.4472,1.622,1.004,39.511,0.03603,0.0064999997,0.147,0.25,91.35,1.41
36,etr,Entergy Corp,Utilities,40301801472.0,1343,A,0.5254,0.797,0.436,183.959,0.25529,0.14300999,0.135,0.219,178.65,0.79
37,ed,Consolidated Edison Inc,Utilities,37524828160.0,1358,A,0.6554,1.283,0.88,110.23,0.2747,0.11988,0.135,0.219,178.65,0.79
38,vrsk,Verisk Analytics Inc,Industrials,37021683712.0,1281,A,0.6141,1.531,1.414,1096.545,0.46078,0.30675,0.133,0.17,99.93,1.84
39,wec,WEC Energy Group Inc,Utilities,35318353920.0,1373,A,0.5231,0.553,0.323,150.418,0.21403,0.17871,0.135,0.219,178.65,0.79
40,ctsh,Cognizant Technology Solutions Corp,Technology,34622390272.0,1270,A,0.6036,2.41,1.968,7.699,0.15577,0.11891,0.171,0.205,67.32,1.75
41,anss,ANSYS Inc,Technology,32906993664.0,1202,A,0.7149,3.657,3.56,13.932,0.116639994,0.22948,0.171,0.205,67.32,1.75
42,wab,Westinghouse Air Brake Technologies Corp,Industrials,32198998016.0,1238,A,0.5844,1.762,0.966,47.091,0.18476999,0.109160006,0.133,0.17,99.93,1.84
43,awk,American Water Works Company Inc,Utilities,27686500352.0,1348,A,0.619,0.351,0.265,141.097,0.38636002,0.21914,0.135,0.219,178.65,0.79
44,aee,Ameren Corp,Utilities,27479062528.0,1207,A,0.5314,0.801,0.371,160.58,0.22031,0.15113,0.135,0.219,178.65,0.79
45,adm,Archer-Daniels-Midland Co,Consumer Defensive,27256723456.0,1245,A,0.4874,1.423,0.363,46.798,0.02169,0.01328,0.066,0.16,200.03,1.12
46,gis,General Mills Inc,Consumer Defensive,26747127808.0,1276,A,0.5401,0.671,0.293,166.066,0.13492,0.11778,0.066,0.16,200.03,1.12
47,ato,Atmos Energy Corp,Utilities,24940584960.0,1255,A,0.826,1.373,0.981,67.241,0.30052,0.25045002,0.135,0.219,178.65,0.79
48,es,Eversource Energy,Utilities,24282054656.0,1295,A,0.4381,0.713,0.326,188.224,0.24614,0.06604,0.135,0.219,178.65,0.79
49,chd,Church & Dwight Co Inc,Consumer Defensive,22533832704.0,1267,A,0.7434,1.845,1.269,54.844,0.17374,0.08658,0.066,0.16,200.03,1.12
50,eix,Edison International,Utilities,21131233280.0,1528,A,0.4886,0.873,0.373,209.565,0.18314,0.15024,0.135,0.219,178.65,0.79
51,ntap,NetApp Inc,Technology,20676231168.0,1229,A,0.4031,1.255,1.094,335.673,0.22748,0.18045999,0.171,0.205,67.32,1.75
52,trmb,Trimble Inc,Technology,20072325120.0,1280,A,0.4666,0.936,0.585,26.589,0.15096,0.08018,0.171,0.205,67.32,1.75
53,tsn,Tyson Foods Inc,Consumer Defensive,19947966464.0,1244,A,0.5241,1.733,0.703,49.085,0.03637,0.014479999,0.066,0.16,200.03,1.12
54,gwre,Guidewire Software Inc,Technology,18991910912.0,1200,A,0.4469,3.235,3.042,51.866,0.0152199995,0.03043,0.171,0.205,67.32,1.75
55,wy,Weyerhaeuser Co,Real Estate,18434605056.0,1340,A,0.4142,1.038,0.573,54.504,0.08493,0.03965,0.162,0.297,108.6,1.29
56,lyb,LyondellBasell Industries NV,Basic Materials,15937657856.0,1269,A,0.3041,1.774,0.788,111.01,0.04087,0.0066000004,0.072,0.155,84.51,1.75
57,clx,Clorox Co,Consumer Defensive,15468251136.0,1255,A,0.5171,0.838,0.515,597.51,0.2173,0.114020005,0.066,0.16,200.03,1.12
58,aptv,Aptiv PLC,Consumer Cyclical,14180532224.0,1204,A,0.5509,1.762,1.2,83.689,0.11002,0.05118,0.101,0.159,280.58,1.49
59,chrw,CH Robinson Worldwide Inc,Industrials,13904033792.0,1243,A,0.3169,1.313,1.256,94.807,0.05314,0.03141,0.133,0.17,99.93,1.84
60,reg,Regency Centers Corp,Real Estate,13369979904.0,1312,A,0.6202,0.788,0.671,73.57,0.40392,0.26071,0.162,0.297,108.6,1.29
61,avy,Avery Dennison Corp,Consumer Cyclical,13071275008.0,1207,A,0.4948,1.04,0.615,161.255,0.12911999,0.08137,0.101,0.159,280.58,1.49
62,cna,CNA Financial Corp,Financial Services,12883653632.0,1209,A,0.5554,0.369,0.175,27.905,0.11057,0.059860002,0.184,0.044,57.9,1.9
63,are,Alexandria Real Estate Equities Inc,Real Estate,12607745024.0,1282,A,0.4764,1.62,1.403,62.825,0.20363002,-0.00331,0.162,0.297,108.6,1.29
64,cnc,Centene Corp,Healthcare,12381462528.0,1218,A,0.3957,1.098,1.054,63.909,-0.00071999995,0.01287,0.119,0.173,151.25,1.46
65,pnw,Pinnacle West Capital Corp,Utilities,11051571200.0,1408,A,0.4261,0.522,0.246,205.106,0.22983,0.10962,0.135,0.219,178.65,0.79
66,uhs,Universal Health Services Inc,Healthcare,10534716416.0,1218,A,0.506,1.29,1.053,70.09,0.116780005,0.07661,0.119,0.173,151.25,1.46
67,mos,Mosaic Co,Basic Materials,9813718016.0,1209,A,0.5364,1.136,0.317,35.052,0.08597,0.083529994,0.072,0.155,84.51,1.75
68,aes,AES Corp,Utilities,9142721536.0,1221,A,0.3605,0.823,0.419,313.243,0.14011,0.076630004,0.135,0.219,178.65,0.79
69,lnc,Lincoln National Corp,Financial Services,7477035008.0,1300,A,0.3112,2.281,1.175,95.517,-0.04744,0.062989995,0.184,0.044,57.9,1.9
70,emn,Eastman Chemical Co,Basic Materials,6995565056.0,1258,A,0.4924,1.685,0.739,90.603,0.124180004,0.0896,0.072,0.155,84.51,1.75
71,clsk,CleanSpark Inc,Financial Services,3090383872.0,1206,A,0.5103,8.668,0.923,34.234,-0.77185,-0.35434,0.184,0.044,57.9,1.9
72,hasi,Hannon Armstrong Sustainable Infrastructure Capital Inc,Financial Services,2968140288.0,1363,A,0.5632,4.401,4.248,191.466,-0.20758,1.0546299,0.184,0.044,57.9,1.9
73,he,Hawaiian Electric Industries Inc,Utilities,1906058752.0,1243,A,0.3855,1.248,0.688,206.929,0.08512,-0.45445,0.135,0.219,178.65,0.79
74,abcl,Abcellera Biologics Inc,Healthcare,1229758080.0,1239,A,0.5303,10.146,8.863,6.632,-14.79575,0.0,0.119,0.173,151.25,1.46
75,mtrx,Matrix Service Co,Industrials,394830144.0,1256,A,0.3825,1.004,0.971,14.248,-0.024360001,-0.0304,0.133,0.17,99.93,1.84
76,agfy,Agrify Corp,Industrials,48327864.0,1206,A,0.3706,1.492,1.367,39.576,-6.8791804,0.0,0.133,0.17,99.93,1.84
1,nvda,NVIDIA Corp,Technology,4375623237632.0,899,BB,0.9479,3.388,2.857,12.267,0.49108002,0.51694,0.171,0.205,67.32,1.75
2,aapl,Apple Inc,Technology,3164715352064.0,891,BB,0.4818,0.868,0.724,154.486,0.29990998,0.24295999,0.171,0.205,67.32,1.75
3,googl,Alphabet Inc,Communication Services,2376022622208.0,1012,BBB,0.0,1.904,1.72,11.481,0.32429,0.31118,,,,
4,meta,Meta Platforms Inc,Communication Services,1939346948096.0,652,B,0.0,1.973,1.706,25.406,0.43019,0.39992002,,,,
5,avgo,Broadcom Inc,Technology,1418895818752.0,622,B,0.4892,1.077,0.887,166.032,0.31765,0.22643,0.171,0.205,67.32,1.75
6,tsla,Tesla Inc,Consumer Cyclical,1031853703168.0,993,BBB,0.5457,2.037,1.359,16.823,0.04103,0.063439995,0.101,0.159,280.58,1.49
7,wmt,Walmart Inc,Consumer Defensive,824856215552.0,811,BB,0.4355,0.78,0.185,75.78,0.043080002,0.02747,0.066,0.16,200.03,1.12
8,orcl,Oracle Corp,Technology,720268230656.0,1000,BBB,0.4464,0.753,0.632,519.586,0.32484,0.21677999,0.171,0.205,67.32,1.75
9,ma,Mastercard Inc,Financial Services,514500362240.0,655,B,0.6105,1.163,0.712,240.919,0.59916,0.44926,0.184,0.044,57.9,1.9
10,hd,Home Depot Inc,Consumer Cyclical,384838139904.0,752,BB,0.3597,1.093,0.23,778.781,0.12878999,0.08984,0.101,0.159,280.58,1.49
11,ko,Coca-Cola Co,Consumer Defensive,299148083200.0,601,B,0.7625,1.213,0.841,166.367,0.34662998,0.25887,0.066,0.16,200.03,1.12
12,csco,Cisco Systems Inc,Technology,274071601152.0,734,B,0.4679,0.951,0.714,66.932,0.23295,0.17604,0.171,0.205,67.32,1.75
13,tmus,T-Mobile US Inc,Communication Services,269222985728.0,903,BBB,0.0,1.211,0.893,194.218,0.24669,0.14533,,,,
14,amd,Advanced Micro Devices Inc,Technology,264717664256.0,608,B,0.5286,2.491,1.174,6.513,-0.017439999,0.095740005,0.171,0.205,67.32,1.75
15,crm,Salesforce Inc,Technology,238206517248.0,656,B,0.5669,1.069,0.899,19.813,0.20124,0.16079001,0.171,0.205,67.32,1.75
16,lin,Linde PLC,Basic Materials,221081698304.0,725,B,0.685,0.926,0.698,64.823,0.28264,0.20196,0.072,0.155,84.51,1.75
17,axp,American Express Co,Financial Services,205660962816.0,664,B,0.5144,1.603,1.587,187.933,0.21002,0.15994,0.184,0.044,57.9,1.9
18,cat,Caterpillar Inc,Industrials,201163128832.0,709,B,0.4241,1.338,0.724,218.336,0.17514999,0.14946,0.133,0.17,99.93,1.84
19,t,AT&T Inc,Communication Services,196564205568.0,715,B,0.0,0.809,0.506,123.191,0.22725001,0.10288999,,,,
20,qcom,Qualcomm Inc,Technology,157361373184.0,1009,BBB,0.7144,3.194,1.721,54.35,0.26647,0.26766002,0.171,0.205,67.32,1.75
21,adbe,Adobe Inc,Technology,146611994624.0,621,B,0.6312,0.993,0.824,57.486,0.35909998,0.30392,0.171,0.205,67.32,1.75
22,pgr,Progressive Corp,Financial Services,145098457088.0,975,BBB,0.619,0.317,0.248,21.148,0.18417999,0.12663999,0.184,0.044,57.9,1.9
23,spot,Spotify Technology SA,Communication Services,137214828544.0,1038,BBB,0.0,1.473,1.215,36.97,0.096829996,0.048520003,,,,
24,unp,Union Pacific Corp,Industrials,133706801152.0,792,BB,0.582,0.648,0.464,208.857,0.41257998,0.2843,0.133,0.17,99.93,1.84
25,adp,Automatic Data Processing Inc,Technology,122254696448.0,1000,BBB,0.4297,1.048,0.276,147.12,0.23688999,0.19841999,0.171,0.205,67.32,1.75
26,nke,Nike Inc,Consumer Cyclical,111476416512.0,680,B,0.557,2.211,1.313,83.41,0.02893,0.069510005,0.101,0.159,280.58,1.49
27,adi,Analog Devices Inc,Technology,109516972032.0,968,BBB,0.6881,2.077,1.397,20.62,0.25745,0.18652001,0.171,0.205,67.32,1.75
28,cme,CME Group Inc,Financial Services,101392916480.0,812,BB,0.8174,1.019,0.019,13.603,0.66874003,0.58587,0.184,0.044,57.9,1.9
29,ph,Parker-Hannifin Corp,Industrials,89077874688.0,853,BB,0.5778,1.207,0.645,69.948,0.21664,0.17141001,0.133,0.17,99.93,1.84
30,shw,Sherwin-Williams Co,Basic Materials,87448559616.0,774,BB,0.4362,0.784,0.424,308.571,0.17459999,0.11026,0.072,0.155,84.51,1.75
31,rsg,Republic Services Inc,Industrials,73533112320.0,744,B,0.4409,0.662,0.596,109.658,0.20542999,0.12972,0.133,0.17,99.93,1.84
32,pypl,PayPal Holdings Inc,Financial Services,66322337792.0,899,BB,0.5572,1.329,0.249,60.254,0.19293,0.1449,0.184,0.044,57.9,1.9
33,eog,EOG Resources Inc,Energy,63633305600.0,1042,BBB,0.7772,1.867,1.612,17.15,0.31735,0.25882998,0.147,0.25,91.35,1.41
34,nsc,Norfolk Southern Corp,Industrials,63480967168.0,1027,BBB,0.6166,0.793,0.662,121.059,0.37267,0.27509,0.133,0.17,99.93,1.84
35,spg,Simon Property Group Inc,Real Estate,63193489408.0,677,B,0.5105,0.346,0.346,838.458,0.49745998,0.35032,0.162,0.297,108.6,1.29
36,tel,TE Connectivity Ltd,Technology,59111170048.0,600,B,0.469,1.525,0.823,48.355,0.19652,0.087749995,0.171,0.205,67.32,1.75
37,cmg,Chipotle Mexican Grill Inc,Consumer Cyclical,57242165248.0,664,B,0.6704,1.651,1.53,135.497,0.18428,0.13317999,0.101,0.159,280.58,1.49
38,carr,Carrier Global Corp,Industrials,56261128192.0,694,B,0.5102,1.166,0.722,79.173,0.14412,0.17812,0.133,0.17,99.93,1.84
39,alny,Alnylam Pharmaceuticals Inc,Healthcare,56120164352.0,1002,BBB,0.3142,2.801,2.633,1093.309,-0.02094,-0.12961,0.119,0.173,151.25,1.46
40,glw,Corning Inc,Technology,54806482944.0,600,B,0.3658,1.497,0.692,73.616,0.1494,0.05765,0.171,0.205,67.32,1.75
41,afl,Aflac Inc,Financial Services,54718558208.0,989,BBB,0.5601,1.041,0.949,54.044,0.2101,0.15317,0.184,0.044,57.9,1.9
42,fast,Fastenal Co,Industrials,53686599680.0,732,B,0.7797,4.22,1.904,14.319,0.20963,0.15295,0.133,0.17,99.93,1.84
43,payx,Paychex Inc,Technology,50102734848.0,1000,BBB,0.5821,1.282,0.523,122.209,0.38723,0.29745,0.171,0.205,67.32,1.75
44,psa,Public Storage,Real Estate,49375981568.0,685,B,0.6144,0.611,0.611,110.172,0.47577998,0.38064,0.162,0.297,108.6,1.29
45,rost,Ross Stores Inc,Consumer Cyclical,47932256256.0,1000,BBB,0.5939,1.55,0.894,89.95,0.12166,0.097950004,0.101,0.159,280.58,1.49
46,amp,Ameriprise Financial Inc,Financial Services,47930507264.0,971,BBB,0.7546,9.169,8.539,53.93,0.36303002,0.17739001,0.184,0.044,57.9,1.9
47,cbre,CBRE Group Inc,Real Estate,46382714880.0,609,B,0.3119,1.126,0.885,108.184,0.0364,0.02861,0.162,0.297,108.6,1.29
48,gww,WW Grainger Inc,Industrials,45931827200.0,880,BB,0.5814,2.822,1.533,66.838,0.14887999,0.10995,0.133,0.17,99.93,1.84
49,dhi,D R Horton Inc,Consumer Cyclical,45928984576.0,726,B,0.756,6.526,0.559,29.937,0.14564,0.114630006,0.101,0.159,280.58,1.49
50,cprt,Copart Inc,Industrials,45552357376.0,679,B,0.9649,8.155,6.987,1.148,0.37265,0.32209,0.133,0.17,99.93,1.84
51,f,Ford Motor Co,Consumer Cyclical,44614230016.0,753,BB,0.2655,1.101,0.911,355.447,0.010720001,0.01701,0.101,0.159,280.58,1.49
52,grmn,Garmin Ltd,Technology,44289019904.0,647,B,0.778,3.012,1.871,2.335,0.26028,0.23208,0.171,0.205,67.32,1.75
53,xel,Xcel Energy Inc,Utilities,43351527424.0,629,B,0.5307,0.963,0.619,159.282,0.17676,0.14852999,0.135,0.219,178.65,0.79
54,peg,Public Service Enterprise Group Inc,Utilities,42856001536.0,1005,BBB,0.6468,1.001,0.556,140.561,0.29697,0.17783001,0.135,0.219,178.65,0.79
55,ttwo,Take-Two Interactive Software Inc,Communication Services,41912750080.0,842,BB,0.0,0.779,0.676,192.071,0.02016,-0.79503,,,,
56,rmd,Resmed Inc,Healthcare,41123008512.0,942,BBB,0.9346,3.44,2.109,14.273,0.33870998,0.27218,0.119,0.173,151.25,1.46
57,ea,Electronic Arts Inc,Communication Services,40783740928.0,885,BB,0.0,0.837,0.712,36.32,0.16218,0.13942,,,,
58,mpwr,Monolithic Power Systems Inc,Technology,38593765376.0,852,BB,0.8945,5.003,3.496,0.585,0.24791999,0.73167,0.171,0.205,67.32,1.75
59,hei,HEICO Corp,Industrials,38271586304.0,633,B,0.732,3.434,1.442,50.945,0.22604,0.14538,0.133,0.17,99.93,1.84
60,rok,Rockwell Automation Inc,Industrials,37046370304.0,761,BB,0.5079,2.142,1.399,104.272,0.17631,0.12039,0.133,0.17,99.93,1.84
61,pru,Prudential Financial Inc,Financial Services,36630228992.0,873,BB,0.3118,0.883,0.772,149.725,0.05391,0.02755,0.184,0.044,57.9,1.9
62,xyl,Xylem Inc,Industrials,34958544896.0,838,BB,0.5858,1.899,1.31,18.782,0.14342,0.10745,0.133,0.17,99.93,1.84
63,a,Agilent Technologies Inc,Healthcare,32164679680.0,1037,BBB,0.7634,2.091,1.417,60.039,0.23561001,0.17592,0.119,0.173,151.25,1.46
64,nue,Nucor Corp,Basic Materials,31963631616.0,939,BBB,0.599,2.827,1.416,32.017,0.10868,0.042069998,0.072,0.155,84.51,1.75
65,tsco,Tractor Supply Co,Consumer Cyclical,31944730624.0,1000,BBB,0.4566,1.283,0.082,223.159,0.13015,0.071779996,0.101,0.159,280.58,1.49
66,len,Lennar Corp,Consumer Cyclical,30737516544.0,927,BBB,0.6824,9.429,3.132,19.683,0.08146,0.09205,0.101,0.159,280.58,1.49
67,bro,Brown & Brown Inc,Financial Services,30279589888.0,1025,BBB,0.6734,2.747,1.966,66.945,0.29944,0.20299,0.184,0.044,57.9,1.9
68,dxcm,Dexcom Inc,Healthcare,29960642560.0,666,B,0.586,1.52,1.302,100.241,0.18374,0.13288,0.119,0.173,151.25,1.46
69,efx,Equifax Inc,Industrials,29638733824.0,995,BBB,0.4448,0.772,0.631,93.548,0.20221001,0.10953,0.133,0.17,99.93,1.84
70,nrg,NRG Energy Inc,Utilities,29044965376.0,916,BBB,0.2712,0.933,0.41,485.839,0.00638,0.01778,0.135,0.219,178.65,0.79
71,ual,United Airlines Holdings Inc,Industrials,28770064384.0,629,B,0.2633,0.699,0.617,245.166,0.11833999,0.0571,0.133,0.17,99.93,1.84
72,wrb,W R Berkley Corp,Financial Services,26759120896.0,954,BBB,0.5808,0.399,0.236,33.219,0.16590999,0.12324,0.184,0.044,57.9,1.9
73,tyl,Tyler Technologies Inc,Technology,26465839104.0,1011,BBB,0.5238,1.031,0.971,17.655,0.16036,0.13661,0.171,0.205,67.32,1.75
74,hpe,Hewlett Packard Enterprise Co,Technology,26414987264.0,819,BB,0.2995,1.287,0.794,73.382,0.04982,0.04597,0.171,0.205,67.32,1.75
75,dg,Dollar General Corp,Consumer Defensive,24938446848.0,669,B,0.3641,1.233,0.138,220.908,0.0552,0.02805,0.066,0.16,200.03,1.12
76,afrm,Affirm Holdings Inc,Technology,24930527232.0,895,BB,0.3572,13.474,10.443,255.948,-0.0107,-0.020680001,0.171,0.205,67.32,1.75
77,eqr,Equity Residential,Real Estate,24830230528.0,653,B,0.5543,0.025,0.025,75.259,0.29397,0.33221,0.162,0.297,108.6,1.29
78,dltr,Dollar Tree Inc,Consumer Defensive,24285954048.0,658,B,0.3393,1.044,0.122,202.505,0.08279,-0.16548,0.066,0.16,200.03,1.12
79,cinf,Cincinnati Financial Corp,Financial Services,24089722880.0,760,BB,0.6788,1.052,0.848,6.181,0.26755,0.15593,0.184,0.044,57.9,1.9
80,ppg,PPG Industries Inc,Basic Materials,23851976704.0,749,B,0.4279,1.421,0.959,106.173,0.14136,0.06464,0.072,0.155,84.51,1.75
81,phm,Pultegroup Inc,Consumer Cyclical,23721140224.0,658,B,0.8298,6.409,0.523,18.024,0.18341999,0.15499,0.101,0.159,280.58,1.49
82,expe,Expedia Group Inc,Consumer Cyclical,23535181824.0,772,BB,0.3276,0.732,0.573,278.63,-0.014730001,0.08477,0.101,0.159,280.58,1.49
83,ulta,Ulta Beauty Inc,Consumer Cyclical,23200468992.0,647,B,0.6282,1.667,0.385,81.274,0.14106,0.104490004,0.101,0.159,280.58,1.49
84,foxa,Fox Corp,Communication Services,23040800768.0,940,BBB,0.0,2.91,2.7,53.436,0.25434,0.13883,,,,
85,nvr,NVR Inc,Consumer Cyclical,21851768832.0,676,B,0.8079,5.788,2.347,26.758,0.17266001,0.14183,0.101,0.159,280.58,1.49
86,cdw,CDW Corp,Technology,21795184640.0,634,B,0.2454,1.35,1.148,250.867,0.070310004,0.04921,0.171,0.205,67.32,1.75
87,gpn,Global Payments Inc,Industrials,20752603136.0,918,BBB,0.5815,0.947,0.425,71.076,0.3018,0.14203,0.133,0.17,99.93,1.84
88,ni,NiSource Inc,Utilities,19700574208.0,906,BBB,0.5001,0.586,0.336,143.277,0.20584999,0.14463,0.135,0.219,178.65,0.79
89,podd,Insulet Corp,Healthcare,19514957824.0,653,B,0.6889,4.474,3.239,131.405,0.15606,0.18291001,0.119,0.173,151.25,1.46
90,dgx,Quest Diagnostics Inc,Healthcare,19345379328.0,735,B,0.5019,1.086,0.859,86.904,0.15103,0.09029,0.119,0.173,151.25,1.46
91,xpev,Xpeng Inc,Consumer Cyclical,18751135744.0,623,B,0.4125,1.212,0.891,57.649,-0.058390003,-0.10147,0.101,0.159,280.58,1.49
92,ffiv,F5 Inc,Technology,18588616704.0,636,B,0.6777,1.602,1.152,6.608,0.25172,0.22058001,0.171,0.205,67.32,1.75
93,ess,Essex Property Trust Inc,Real Estate,17579313152.0,891,BB,0.5615,0.573,0.165,116.679,0.33938998,0.42391998,0.162,0.297,108.6,1.29
94,maa,Mid-America Apartment Communities Inc,Real Estate,16876152832.0,786,BB,0.502,0.059,0.039,83.591,0.27533,0.25982,0.162,0.297,108.6,1.29
95,wat,Waters Corp,Healthcare,16531033088.0,797,BB,0.7664,1.754,1.08,73.86,0.26216,0.21712999,0.119,0.173,151.25,1.46
96,yumc,Yum China Holdings Inc,Consumer Cyclical,16518566912.0,642,B,0.5563,1.387,1.043,27.949,0.11338,0.080369994,0.101,0.159,280.58,1.49
97,zbra,Zebra Technologies Corp,Technology,15676083200.0,937,BBB,0.4023,1.464,0.976,65.247,0.14462,0.10559,0.171,0.205,67.32,1.75
98,luv,Southwest Airlines Co,Industrials,15603335168.0,827,BB,0.3089,0.559,0.445,66.763,0.031059999,0.01427,0.133,0.17,99.93,1.84
99,dow,Dow Inc,Basic Materials,15098377216.0,626,B,0.29,1.689,0.779,97.386,0.00208,-0.023459999,0.072,0.155,84.51,1.75
100,udr,UDR Inc,Real Estate,14463711232.0,741,B,0.2881,0.238,0.002,139.058,0.19672,0.07694,0.162,0.297,108.6,1.29
101,bby,Best Buy Co Inc,Consumer Cyclical,14251128832.0,961,BBB,0.3895,1.023,0.281,146.906,0.03741,0.021300001,0.101,0.159,280.58,1.49
102,txt,Textron Inc,Industrials,13805541376.0,1000,BBB,0.4648,1.837,0.664,54.985,0.08906999,0.058029998,0.133,0.17,99.93,1.84
103,ben,Franklin Resources Inc,Financial Services,13078522880.0,980,BBB,0.7381,4.413,1.284,26.57,0.103199996,0.03735,0.184,0.044,57.9,1.9
104,h,Hyatt Hotels Corp,Consumer Cyclical,12986830848.0,649,B,0.6722,0.981,0.892,122.461,0.15144,0.24689,0.101,0.159,280.58,1.49
105,fn,Fabrinet,Technology,11911916544.0,929,BBB,0.6027,3.325,2.384,0.3,0.0919,0.100030005,0.171,0.205,67.32,1.75
106,ppc,Pilgrims Pride Corp,Consumer Defensive,11715818496.0,1022,BBB,0.6234,1.625,0.782,89.674,0.1088,0.06807,0.066,0.16,200.03,1.12
107,has,Hasbro Inc,Consumer Cyclical,10804952064.0,856,BB,0.3897,1.662,1.135,1241.676,0.22808,-0.13369,0.101,0.159,280.58,1.49
108,mtsi,MACOM Technology Solutions Holdings Inc,Technology,10342539264.0,941,BBB,0.526,3.562,2.72,44.93,0.14783,-0.10236,0.171,0.205,67.32,1.75
109,vtrs,Viatris Inc,Healthcare,10269700096.0,1000,BBB,0.4212,1.682,0.768,92.384,0.05672,-0.26448,0.119,0.173,151.25,1.46
110,algn,Align Technology Inc,Healthcare,9925250048.0,775,BB,0.5875,1.227,1.011,2.312,0.16103001,0.110369995,0.119,0.173,151.25,1.46
111,agnc,AGNC Investment Corp,Real Estate,9813096448.0,929,BBB,0.5808,0.257,0.243,669.943,1.25,0.7621,0.162,0.297,108.6,1.29
112,mgm,MGM Resorts International,Consumer Cyclical,9551182848.0,1000,BBB,0.2761,1.218,1.085,844.044,0.086,0.03135,0.101,0.159,280.58,1.49
113,dva,DaVita Inc,Healthcare,9138414592.0,892,BB,0.3442,1.393,1.276,825.189,0.15697,0.063540004,0.119,0.173,151.25,1.46
114,wts,Watts Water Technologies Inc,Industrials,8802120704.0,933,BBB,0.7092,2.592,1.509,10.426,0.21547002,0.13633001,0.133,0.17,99.93,1.84
115,kmx,Carmax Inc,Consumer Cyclical,8437047808.0,788,BB,0.3924,2.394,0.203,309.961,0.03858,0.01948,0.101,0.159,280.58,1.49
116,bwa,Borgwarner Inc,Consumer Cyclical,8233753088.0,696,B,0.5292,2.022,1.567,67.177,0.08906,0.01496,0.101,0.159,280.58,1.49
117,hsic,Henry Schein Inc,Healthcare,8041887744.0,615,B,0.4468,1.411,0.595,68.545,0.05401,0.030450001,0.119,0.173,151.25,1.46
118,lw,Lamb Weston Holdings Inc,Consumer Defensive,7167035904.0,901,BBB,0.4616,1.377,0.577,244.818,0.12883,0.055370003,0.066,0.16,200.03,1.12
119,urbn,Urban Outfitters Inc,Consumer Cyclical,7152551424.0,935,BBB,0.5414,1.398,0.552,46.9,0.09284,0.07906,0.101,0.159,280.58,1.49
120,bio,Bio Rad Laboratories Inc,Healthcare,7119856128.0,802,BB,0.7187,5.121,3.374,19.73,0.12185001,0.12497,0.119,0.173,151.25,1.46
121,siri,Sirius XM Holdings Inc,Communication Services,7061437440.0,747,B,0.0,0.407,0.293,90.008,0.22077,-0.20537001,,,,
122,mktx,Marketaxess Holdings Inc,Financial Services,7005317632.0,653,B,0.9269,8.864,7.399,5.259,0.42374,0.26569,0.184,0.044,57.9,1.9
123,aaon,Aaon Inc,Industrials,6630116352.0,1023,BBB,0.596,2.767,1.752,8.581,0.0399,0.126,0.133,0.17,99.93,1.84
124,cmc,Commercial Metals Co,Basic Materials,5817054208.0,635,B,0.5257,2.857,1.743,32.804,0.06146,0.00479,0.072,0.155,84.51,1.75
125,czr,Caesars Entertainment Inc,Consumer Cyclical,5174840832.0,693,B,0.3158,0.824,0.628,632.192,0.19264,-0.01714,0.101,0.159,280.58,1.49
126,tfx,Teleflex Inc,Healthcare,4952687104.0,600,B,0.6847,2.407,1.083,49.494,0.24163,0.06311,0.119,0.173,151.25,1.46
127,adma,ADMA Biologics Inc,Healthcare,4426128384.0,824,BB,0.9537,6.576,3.197,21.963,0.30384,0.45011002,0.119,0.173,151.25,1.46
128,you,Clear Secure Inc,Technology,4370188800.0,998,BBB,0.4329,0.872,0.81,90.779,0.19391,0.2117,0.171,0.205,67.32,1.75
129,akro,Akero Therapeutics Inc,Healthcare,4208292096.0,801,BB,0.5,16.804,16.171,3.342,0.0,0.0,0.119,0.173,151.25,1.46
130,gva,Granite Construction Inc,Industrials,4082486016.0,600,B,0.3356,1.572,1.384,80.758,-0.04583,0.030650001,0.133,0.17,99.93,1.84
131,acad,ACADIA Pharmaceuticals Inc,Healthcare,3983215360.0,765,BB,0.7695,2.911,2.672,5.423,0.122370005,0.21804,0.119,0.173,151.25,1.46
132,hgv,Hilton Grand Vacations Inc,Consumer Cyclical,3956415232.0,843,BB,0.4617,4.565,2.64,437.073,0.12214,0.01273,0.101,0.159,280.58,1.49
133,aap,Advance Auto Parts Inc,Consumer Cyclical,3621304064.0,735,B,0.3512,1.269,0.452,185.571,-0.00503,-0.0395,0.101,0.159,280.58,1.49
134,rhi,Robert Half International Inc,Industrials,3526273792.0,899,BB,0.432,1.571,0.913,18.572,0.00112,0.03197,0.133,0.17,99.93,1.84
135,uslm,United States Lime & Minerals Inc,Basic Materials,3054975488.0,1033,BBB,0.9884,21.751,20.18,0.795,0.38997,0.35567,0.072,0.155,84.51,1.75
136,yeti,Yeti Holdings Inc,Consumer Cyclical,3016968960.0,827,BB,0.6285,2.581,1.277,23.96,0.06172,0.09591,0.101,0.159,280.58,1.49
137,hcc,Warrior Met Coal Inc,Basic Materials,2882877440.0,615,B,0.5937,4.594,3.225,11.33,0.02596,0.03299,0.072,0.155,84.51,1.75
138,cnk,Cinemark Holdings Inc,Communication Services,2866697216.0,930,BBB,0.0,0.909,0.847,756.805,0.18724,0.09129,,,,
139,alhc,Alignment Healthcare LLC,Healthcare,2715005184.0,768,BB,0.2926,1.662,1.486,233.853,0.022950001,-0.015269999,0.119,0.173,151.25,1.46
140,wu,Western Union Co,Financial Services,2599884544.0,638,B,0.4766,0.263,0.213,311.136,0.1878,0.21835,0.184,0.044,57.9,1.9
141,acva,ACV Auctions Inc,Consumer Cyclical,2585547520.0,812,BB,0.4364,1.499,1.464,47.023,-0.070760004,-0.10983,0.101,0.159,280.58,1.49
142,penn,PENN Entertainment Inc,Consumer Cyclical,2570054144.0,891,BB,0.2318,0.741,0.615,370.765,0.02559,-0.01279,0.101,0.159,280.58,1.49
143,prct,Procept Biorobotics Corp,Healthcare,2527968256.0,724,B,0.5606,9.212,7.713,20.572,-0.28023002,-0.30604,0.119,0.173,151.25,1.46
144,alkt,Alkami Technology Inc,Technology,2227376128.0,845,BB,0.3211,2.678,2.188,117.234,-0.13698,-0.09986,0.171,0.205,67.32,1.75
145,www,Wolverine World Wide Inc,Consumer Cyclical,2186567168.0,996,BBB,0.3873,1.239,0.613,241.036,0.08962,0.047270004,0.101,0.159,280.58,1.49
146,yelp,Yelp Inc,Communication Services,2180218112.0,973,BBB,0.0,2.893,2.701,4.603,0.08367,0.09951,,,,
147,adus,Addus Homecare Corp,Healthcare,2115723648.0,643,B,0.5421,1.738,1.528,21.75,0.094110005,0.065120004,0.119,0.173,151.25,1.46
148,prdo,Perdoceo Education Corp,Consumer Defensive,2031742336.0,912,BBB,0.9309,4.273,4.031,12.648,0.24525,0.20086999,0.066,0.16,200.03,1.12
149,zim,ZIM Integrated Shipping Services Ltd,Industrials,1902031872.0,1000,BBB,0.5563,1.177,1.099,148.291,0.23257999,0.26518,0.133,0.17,99.93,1.84
150,shoo,Steven Madden Ltd,Consumer Cyclical,1878064512.0,1039,BBB,0.5129,2.009,1.021,62.439,0.02572,0.03924,0.101,0.159,280.58,1.49
151,adpt,Adaptive Biotechnologies Corp,Healthcare,1780082944.0,868,BB,0.4331,2.842,2.628,121.388,-0.42521,-0.59074,0.119,0.173,151.25,1.46
152,achc,Acadia Healthcare Company Inc,Healthcare,1662238848.0,781,BB,0.5084,1.32,1.031,73.975,0.16371,0.043119997,0.119,0.173,151.25,1.46
153,plya,Playa Hotels & Resorts NV,Consumer Cyclical,1658215168.0,615,B,0.6782,3.355,2.947,202.797,0.24853,0.06983,0.101,0.159,280.58,1.49
154,hci,Hci Group Inc,Financial Services,1615061376.0,765,BB,0.4348,0.834,0.508,27.574,-0.03595,0.17375,0.184,0.044,57.9,1.9
155,cmre,Costamare Inc,Industrials,1615012864.0,646,B,0.6548,1.676,1.461,78.685,0.51467997,0.146,0.133,0.17,99.93,1.84
156,acmr,ACM Research Inc,Technology,1602998912.0,967,BBB,0.6074,2.452,1.448,24.115,0.14716,0.13755,0.171,0.205,67.32,1.75
157,cnmd,Conmed Corp,Healthcare,1580562304.0,1011,BBB,0.555,2.231,0.909,87.93,0.10623,0.08309,0.119,0.173,151.25,1.46
158,upwk,Upwork Inc,Communication Services,1572500480.0,817,BB,0.0,3.415,2.548,62.323,0.20076999,0.3046,,,,
159,hbi,HanesBrands Inc,Consumer Cyclical,1474678784.0,838,BB,0.2744,1.548,0.468,6053.549,0.10185,-0.08254,0.101,0.159,280.58,1.49
160,yala,Yalla Group Ltd,Technology,1409947136.0,697,B,0.9444,8.157,7.71,0.107,0.37208998,0.40943,0.171,0.205,67.32,1.75
161,ahco,Adapthealth Corp,Healthcare,1332685312.0,656,B,0.3407,1.058,0.743,122.332,0.05876,0.02487,0.119,0.173,151.25,1.46
162,afya,Afya Ltd,Consumer Defensive,1328715392.0,698,B,0.8842,1.422,1.379,72.091,0.39785,0.19791001,0.066,0.16,200.03,1.12
163,aaoi,Applied Optoelectronics Inc,Technology,1304111232.0,785,BB,0.3314,1.879,1.164,61.583,-0.089499995,-0.55983,0.171,0.205,67.32,1.75
164,xhr,Xenia Hotels & Resorts Inc,Real Estate,1293444352.0,759,BB,0.456,2.518,1.83,113.932,0.14082,0.05861,0.162,0.297,108.6,1.29
165,cnne,Cannae Holdings Inc,Consumer Cyclical,1287140864.0,621,B,0.5542,4.19,0.769,18.772,-0.20736,-0.7364,0.101,0.159,280.58,1.49
166,prax,Praxis Precision Medicines Inc,Healthcare,1022825856.0,630,B,0.53,6.307,6.198,0.187,-34.97566,0.0,0.119,0.173,151.25,1.46
167,akba,Akebia Therapeutics Inc,Healthcare,994077312.0,633,B,0.4275,2.234,1.917,795.72,0.23854,-0.24506001,0.119,0.173,151.25,1.46
168,yext,Yext Inc,Technology,984079936.0,949,BBB,0.2595,0.755,0.573,60.892,-0.26917,-0.05377,0.171,0.205,67.32,1.75
169,zyme,Zymeworks Inc,Healthcare,928820160.0,871,BB,0.5578,4.707,4.453,5.682,-0.94478,-1.21732,0.119,0.173,151.25,1.46
170,mvst,Microvast Holdings Inc,Consumer Cyclical,849139968.0,717,B,0.5088,1.318,0.697,65.24,0.15036,-0.26231,0.101,0.159,280.58,1.49
171,ysg,Yatsen Holding Ltd,Consumer Defensive,840116864.0,897,BB,0.5597,4.257,2.817,5.132,-0.04085,-0.17051001,0.066,0.16,200.03,1.12
172,shls,Shoals Technologies Group Inc,Technology,773217088.0,865,BB,0.5496,2.337,1.45,22.897,0.14433,0.05276,0.171,0.205,67.32,1.75
173,pntg,Pennant Group Inc,Healthcare,767279936.0,751,BB,0.3989,1.408,1.139,105.099,0.06028,0.03399,0.119,0.173,151.25,1.46
174,sibn,SI-BONE Inc,Healthcare,707942144.0,658,B,0.5606,8.382,6.865,21.682,-0.14403,-0.12827,0.119,0.173,151.25,1.46
175,trtx,TPG RE Finance Trust Inc,Real Estate,693955008.0,769,BB,0.7195,105.633,105.57,277.192,0.40060002,0.48508,0.162,0.297,108.6,1.29
176,abus,Arbutus Biopharma Corp,Healthcare,664598720.0,745,B,0.5298,6.011,5.871,7.072,-7.38492,0.0,0.119,0.173,151.25,1.46
177,xyf,X Financial,Financial Services,600639744.0,620,B,0.8975,4.268,1.489,8.383,0.69202006,0.24766001,0.184,0.044,57.9,1.9
178,aehr,Aehr Test Systems,Technology,543856512.0,852,BB,0.5579,5.677,2.706,8.814,-0.16609,-0.06631,0.171,0.205,67.32,1.75
179,mygn,Myriad Genetics Inc,Healthcare,527876992.0,968,BBB,0.4315,1.422,1.058,39.835,-0.05866,-0.47449002,0.119,0.173,151.25,1.46
180,yrd,Yiren Digital Ltd,Financial Services,502021728.0,610,B,0.9018,8.007,5.752,0.388,0.46203,0.22465,0.184,0.044,57.9,1.9
181,absi,Absci Corp,Healthcare,419706368.0,659,B,0.5296,5.717,4.962,4.486,-23.51908,0.0,0.119,0.173,151.25,1.46
182,cmco,Columbus McKinnon Corp,Industrials,401579680.0,763,BB,0.3943,1.846,0.919,60.494,0.03395,-0.01633,0.133,0.17,99.93,1.84
183,airs,Airsculpt Technologies Inc,Healthcare,383985696.0,616,B,0.3214,0.635,0.387,93.579,0.02031,-0.08789,0.119,0.173,151.25,1.46
184,zepp,Zepp Health Corp,Technology,363943968.0,707,B,0.3154,1.097,0.528,47.485,-0.10268,-0.38814,0.171,0.205,67.32,1.75
185,abeo,Abeona Therapeutics Inc,Healthcare,326891296.0,821,BB,0.4882,4.9,4.77,57.921,0.0,0.0,0.119,0.173,151.25,1.46
186,actg,Acacia Research Corp,Industrials,313519744.0,675,B,0.7367,6.155,5.597,20.351,0.30786,-0.05208,0.133,0.17,99.93,1.84
187,aldx,Aldeyra Therapeutics Inc,Healthcare,312655008.0,727,B,0.4998,6.491,6.357,24.476,0.0,0.0,0.119,0.173,151.25,1.46
188,pnrg,Primeenergy Resources Corp,Energy,278366208.0,660,B,0.6008,0.486,0.461,3.646,0.22945999,0.22087,0.147,0.25,91.35,1.41
189,gwrs,Global Water Resources Inc,Utilities,265725696.0,899,BB,0.5187,1.551,1.506,161.382,0.10075,0.10626,0.135,0.219,178.65,0.79
190,aciu,AC Immune SA,Healthcare,218302000.0,851,BB,0.4419,1.533,1.497,5.459,-19.56566,-1.8404499,0.119,0.173,151.25,1.46
191,mxct,MaxCyte Inc,Healthcare,217088640.0,768,BB,0.5606,12.232,11.293,9.439,-1.18335,-1.10922,0.119,0.173,151.25,1.46
192,hbb,Hamilton Beach Brands Holding Co,Consumer Cyclical,188668192.0,747,B,0.5634,2.466,0.818,57.665,0.046550002,0.05099,0.101,0.159,280.58,1.49
193,utmd,Utah Medical Products Inc,Healthcare,180894368.0,726,B,0.9634,41.87,38.071,0.218,0.34924,0.32334,0.119,0.173,151.25,1.46
194,acrs,Aclaris Therapeutics Inc,Healthcare,167835552.0,657,B,0.5285,5.057,4.907,1.724,-12.222679,0.0,0.119,0.173,151.25,1.46
195,usau,US Gold Corp,Basic Materials,163963936.0,940,BBB,0.5,10.109,9.283,0.297,0.0,0.0,0.072,0.155,84.51,1.75
196,sieb,Siebert Financial Corp,Financial Services,158002720.0,834,BB,0.5092,1.163,1.157,230.61,0.36407003,0.19836001,0.184,0.044,57.9,1.9
197,aeye,AudioEye Inc,Technology,149748768.0,844,BB,0.2169,1.304,1.238,149.673,-0.09658,-0.13281,0.171,0.205,67.32,1.75
198,alec,Alector Inc,Healthcare,142989408.0,817,BB,0.5412,3.34,3.23,43.387,-12.165219,-1.39736,0.119,0.173,151.25,1.46
199,poww,Ammo Inc,Industrials,138190976.0,657,B,0.3916,1.162,0.651,0.701,-1.26977,-1.4679899,0.133,0.17,99.93,1.84
200,myps,Playstudios Inc,Communication Services,137226640.0,607,B,0.0,3.647,3.416,3.824,-0.05775,-0.12004,,,,
201,achv,Achieve Life Sciences Inc,Healthcare,131168672.0,742,B,0.4243,3.506,3.26,96.897,0.0,0.0,0.119,0.173,151.25,1.46
202,adag,Adagene Inc,Healthcare,111649744.0,901,BBB,0.4697,2.299,2.231,36.604,-170.82393,0.0,0.119,0.173,151.25,1.46
203,pre,Artisan Acquisition Corp,Healthcare,102707920.0,713,B,0.485,2.07,1.855,3.196,-0.61414003,-1.1591,0.119,0.173,151.25,1.46
204,afcg,AFC Gamma Inc,Real Estate,101682000.0,685,B,0.9453,10.022,9.67,55.283,0.66266996,0.50945,0.162,0.297,108.6,1.29
205,abos,Acumen Pharmaceuticals Inc,Healthcare,84802760.0,606,B,0.5,8.022,7.758,19.149,0.0,0.0,0.119,0.173,151.25,1.46
206,airt,Air T Inc,Industrials,61763160.0,769,BB,0.2047,1.647,0.653,2332.28,-0.04869,-0.02104,0.133,0.17,99.93,1.84
207,acet,Adicet Bio Inc,Healthcare,57971160.0,731,B,0.5,9.337,9.147,10.062,0.0,0.0,0.119,0.173,151.25,1.46
208,advm,Adverum Biotechnologies Inc,Healthcare,52644564.0,818,BB,0.3275,3.565,3.311,352.653,-158.181,0.0,0.119,0.173,151.25,1.46
209,aacg,ATA Creativity Global,Consumer Defensive,50599200.0,608,B,0.3448,0.197,0.112,70.661,-0.30094,-0.11422,0.066,0.16,200.03,1.12
210,cnf,CNFinance Holdings Ltd,Financial Services,50003280.0,620,B,0.2516,1.815,1.175,187.894,-0.13439,0.06043,0.184,0.044,57.9,1.9
211,usio,Usio Inc,Technology,49449356.0,770,BB,0.4044,1.116,0.151,19.323,-0.01089,0.03955,0.171,0.205,67.32,1.75
212,algs,Aligos Therapeutics Inc,Healthcare,49162992.0,667,B,0.5302,7.558,7.276,6.762,-61.8746,0.0,0.119,0.173,151.25,1.46
213,abvc,ABVC Biopharma Inc,Healthcare,48567376.0,637,B,0.3184,0.218,0.032,36.216,-5.03555,0.0,0.119,0.173,151.25,1.46
214,aame,Atlantic American Corp,Financial Services,47321504.0,741,B,0.4204,1.777,1.241,41.934,0.03609,-0.00767,0.184,0.044,57.9,1.9
215,aatc,Autoscope Technologies Corp,Technology,42018928.0,936,BBB,0.8352,16.139,10.295,14.022,0.20337,0.31612,0.171,0.205,67.32,1.75
216,useg,US Energy Corp,Energy,39431532.0,1018,BBB,0.4328,1.378,1.306,1.681,-1.51002,-1.1847,0.147,0.25,91.35,1.41
217,ppsi,Pioneer Power Solutions Inc,Industrials,35918568.0,919,BBB,0.7294,3.096,2.5,2.002,-0.34807,1.21506,0.133,0.17,99.93,1.84
218,sj,Scienjoy Holding Corp,Communication Services,34270576.0,820,BB,0.0,3.274,3.089,1.566,0.04462,0.01773,,,,
219,aktx,Akari Therapeutics PLC,Healthcare,31693754.0,746,B,0.2861,0.16,0.123,8.489,0.0,0.0,0.119,0.173,151.25,1.46
220,utsi,UTStarcom Holdings Corp,Technology,23296840.0,1015,BBB,0.5091,2.93,2.462,3.511,-0.7232,-0.40153998,0.171,0.205,67.32,1.75
221,hbio,Harvard Bioscience Inc,Healthcare,22327918.0,771,BB,0.2008,0.808,0.342,300.688,-0.07458,-0.63515,0.119,0.173,151.25,1.46
222,mtc,MMTEC Inc,Technology,21824450.0,751,BB,0.1475,0.413,0.393,121.663,-0.40668,0.0,0.171,0.205,67.32,1.75
223,mtex,Mannatech Inc,Consumer Defensive,15587626.0,690,B,0.4276,1.176,0.448,83.283,-0.03136,-0.00191,0.066,0.16,200.03,1.12
224,aehl,Antelope Enterprise Holdings Ltd,Industrials,15516210.0,800,BB,0.4788,2.517,0.221,26.215,-0.08676,-0.106750004,0.133,0.17,99.93,1.84
225,aei,Alset Ehome International Inc,Real Estate,14082121.0,937,BBB,0.5606,11.219,10.273,3.167,-3.09335,-0.3435,0.162,0.297,108.6,1.29
226,xin,Xinyuan Real Estate Co Ltd,Real Estate,13350794.0,747,B,0.2004,1.115,0.096,3144.747,-0.06137,-0.099130005,0.162,0.297,108.6,1.29
227,clwt,Euro Tech Holdings Company Ltd,Industrials,9368713.0,641,B,0.5327,2.304,1.86,0.551,0.09404001,0.04772,0.133,0.17,99.93,1.84
228,gure,Gulf Resources Inc,Basic Materials,8222840.0,914,BBB,0.3644,1.156,0.707,6.049,-2.87339,0.0,0.072,0.155,84.51,1.75
229,clro,Clearone Inc,Technology,7503327.0,808,BB,0.5533,4.813,0.816,3.541,-1.1128399,-0.98432,0.171,0.205,67.32,1.75
230,sisi,Shineco Inc,Consumer Defensive,7033795.0,991,BBB,0.362,0.718,0.077,45.284,-91.78812,0.0,0.066,0.16,200.03,1.12
231,pola,Polar Power Inc,Industrials,4771907.0,600,B,0.3061,1.637,0.192,93.081,-0.639,-0.27302998,0.133,0.17,99.93,1.84
232,agmh,AGM Group Holdings Inc,Technology,4165477.0,619,B,0.6676,1.325,0.398,10.064,0.70474,0.09734,0.171,0.205,67.32,1.75
233,afmd,Affimed NV,Healthcare,2975202.0,982,BBB,0.4154,1.931,1.707,74.958,-87.09146,0.0,0.119,0.173,151.25,1.46
234,adtx,Aditxt Inc,Healthcare,2649953.0,739,B,0.3131,0.08,0.076,25.836,-5508.9536,0.0,0.119,0.173,151.25,1.46
235,aihs,Senmiao Technology Ltd,Industrials,2615517.0,623,B,0.2944,0.429,0.322,63.686,-2.0963202,-1.09921,0.133,0.17,99.93,1.84
236,aemd,Aethlon Medical Inc,Healthcare,2372767.0,777,BB,0.477,3.133,2.896,16.16,0.0,0.0,0.119,0.173,151.25,1.46
237,utrs,Minerva Surgical Inc,Healthcare,888.0,616,B,0.3098,1.882,0.88,215.014,-0.50949,-0.64709,0.119,0.173,151.25,1.46
238,mtem,Molecular Templates Inc,Healthcare,658.0,1005,BBB,0.3166,1.565,1.361,155.07,-14.5035,-0.61351,0.119,0.173,151.25,1.46
239,clvr,Clever Leaves Holdings Inc,Healthcare,175.0,673,B,0.5065,2.399,1.533,8.618,-1.05908,-1.02767,0.119,0.173,151.25,1.46
